Posts,User Names,User Links,Likes,Reblogs,Comments,Comment Links,Post Date,Post Time,Date in Datetime Format
:同居就是任性~😈 天津·滨江道,Cookie淇,https://weibo.cn/Cookie0617,1,0,0,https://weibo.cn/comment/Dp0x77LQt?uid=1927937390&rl=1#cmtfrm,2016-04-01,23:57:51,2016-04-01
:#晒老婆与宋仲基同居照#把宋仲基关起来，只能我一个人睡！！,叫我刘小盲--Change,https://weibo.cn/qian20101214,1,0,6,https://weibo.cn/comment/Dp0vC2mcI?uid=1859595283&rl=1#cmtfrm,2016-04-01,23:54:10,2016-04-01
:突然想起自己的念旧。从小到大抱着枕头睡，它是我没有生命的另一个恋人，大学假期和前任同居过一段时期，每天一起睡，有时候竟会突然很想我的枕头，想去抱抱枕头，却被压着手臂，真是悲哀。我这种人确实是注孤生，所以我现在理所当然的单身着。,希尔瑞斯不加V,https://weibo.cn/u/5093101259,1,0,2,https://weibo.cn/comment/Dp0vgsAuM?uid=5093101259&rl=1#cmtfrm,2016-04-01,23:53:19,2016-04-01
:【寡妇爱上已婚男带回家同居 儿子反对欲砍人】 http://t.cn/Rq25Aqi（分享自 @一点资讯）,陕北点讯,https://weibo.cn/u/3490659450,0,0,0,https://weibo.cn/comment/Dp0uZiUcc?uid=3490659450&rl=1#cmtfrm,2016-04-01,23:52:38,2016-04-01
:看了《邻居同居LDK》果然还是要看自己的感觉不能总相信别人的评价 前三分之一还算甜撩 毕竟露肉了😝但是剧情太老套了 男女主永远都是破镜重圆最后在一起。。。山崎贤人主演的片子看了两部了 一个套路下来的简直。。。日本人的思维好像永远都是结尾在一起辣种。。。有些晚了嘿😁这就睡辣~,那么还是胖瑶好了,https://weibo.cn/u/1882255581,2,0,0,https://weibo.cn/comment/Dp0umjsMW?uid=1882255581&rl=1#cmtfrm,2016-04-01,23:51:05,2016-04-01
:林志玲被曝已与秘密同居？自认一见钟情:林志玲被曝已与秘密同居？自认一见钟情,大风起兮别带伞,https://weibo.cn/u/2641062787,0,0,0,https://weibo.cn/comment/Dp0tatKfd?uid=2641062787&rl=1#cmtfrm,2016-04-01,23:48:09,2016-04-01
:两个脾气各异性格不同的人，要相爱很容易但要生活在一起却很难。因为相爱只要在一起就可以，简单，而生活却现实到谁洗碗碟，琐碎；恋爱是和他的优点在一起，同居是和他的缺点生活在一起。要过一辈子，要有忍让有底线，忍让收获平和，底线是婚姻的约束。两个人都能做到底线之内的忍让，这才是终身的爱。,差承纹沸登神,https://weibo.cn/u/5774725118,0,0,0,https://weibo.cn/comment/Dp0sjygpG?uid=5774725118&rl=1#cmtfrm,2016-04-01,23:46:03,2016-04-01
:#扎发还是披发#PS毫无违和感,念馨_念华,https://weibo.cn/u/1996223521,2,0,3,https://weibo.cn/comment/Dp0pm6SLZ?uid=1996223521&rl=1#cmtfrm,2016-04-01,23:38:45,2016-04-01
":#中国传统文化每日学#今天背的是李白的《长干里二首》，最著名的就是那两句""郎骑竹马来，绕床弄青梅。同居长干里，两小无嫌猜""。这条著名的情人巷，在今金陵秦淮河南靠长江处。有机会一定要带着这首诗去亲自感受。还有读了这么多诗，李白貌似真的很喜欢去写金陵城。",民俗君,https://weibo.cn/u/5133467552,0,0,0,https://weibo.cn/comment/Dp0oXwiz7?uid=5133467552&rl=1#cmtfrm,2016-04-01,23:37:47,2016-04-01
:今天，我们#188cp#正式同居的第一天，美好的生活，从一年前的今天开始！美好的你们以及你们美好的爱情，都被你们两藏起来，只贡你们以及享受了吧,kotoba_da,https://weibo.cn/u/5154948631,24,3,7,https://weibo.cn/comment/Dp0lru1jm?uid=5154948631&rl=1#cmtfrm,2016-04-01,23:29:07,2016-04-01
:【四格漫画改编TV动画「未确认进行式」首段PV公开】此前宣布TV动画化的同居题材四格漫画「未确认进行式」目前公开了首段预告PV，动画的人设以及OP主题曲都能在PV中欣赏到，OP由片中3位女性声优演唱。,憨厚的绚烂积恋,https://weibo.cn/u/5729295549,0,0,0,https://weibo.cn/comment/Dp0kB7Tnf?uid=5729295549&rl=1#cmtfrm,2016-04-01,23:27:03,2016-04-01
:#双组paro设定（最后定稿）#blue：表面身份上班族，和red表面是同居状况，实际身份是蓝组的组长兼情报员，总是呆在指挥室盯着自己的宝贝笔记本电脑，虽然不擅长打架，但射击命中率很高，防身武器弓弩（（使用@长围脖...,谜域的猫找不着,https://weibo.cn/u/5218839822,0,0,0,https://weibo.cn/comment/Dp0kbqFv4?uid=5218839822&rl=1#cmtfrm,2016-04-01,23:26:01,2016-04-01
:男：交往这么久了，咱们………同居吧！！女：我爸妈不会原谅我的。男：如果我们结婚呢！？女：我不会原谅我的。,体育新闻主编-彪哥,https://weibo.cn/u/5393380270,0,0,0,https://weibo.cn/comment/Dp0j2eR08?uid=5393380270&rl=1#cmtfrm,2016-04-01,23:23:11,2016-04-01
":她下班回家，他坐在沙发上，面无表情的抽着烟。突然他开口了:""喂.我说.我们像这样同居了两年了，你不觉得厌倦吗?""她停下了正换着拖鞋的手，转过身愣愣的看着他:""你说..什么?""他还是一样面无表情:""我说.我厌倦了。""她的眼泪流了出来.无助的背过身擦拭。一个温暖的身体突然抱住她:""不如我们结婚 好吗",爱琴海艳阳下昕圣界诺,https://weibo.cn/u/3575679742,0,0,0,https://weibo.cn/comment/Dp0h9g1Ps?uid=3575679742&rl=1#cmtfrm,2016-04-01,23:18:31,2016-04-01
:分享网易新闻:《她曾红遍亚洲与齐秦同居 如今靠小男友复出?》 http://t.cn/RqLwJs5,漠南声,https://weibo.cn/u/3051825907,0,0,0,https://weibo.cn/comment/Dp9YbotYH?uid=3051825907&rl=1#cmtfrm,2016-04-02,23:59:17,2016-04-02
":她下班回家，他坐在沙发上，面无表情的抽着烟。突然他开口了:""喂.我说.我们像这样同居了两年了，你不觉得厌倦吗?""她停下了正换着拖鞋的手，转过身愣愣的看着他:""你说..什么?""他还是一样面无表情:""我说.我厌倦了。""她的眼泪流了出来.无助的背过身擦拭。一个温暖的身体突然抱住她:""不如我们结婚 好吗",Parei嘉ka汐南,https://weibo.cn/u/5702952415,0,0,0,https://weibo.cn/comment/Dp9YafjSr?uid=5702952415&rl=1#cmtfrm,2016-04-02,23:59:14,2016-04-02
:《【阿松_小松先生】4/2一カラ短打42發！》 ►一松&カラ松搬出來同居的前提 ►甜、歡樂向（大概沒有虐） ► 31~41還在開夜車(有R)，晚點放TTTTTTT 1.相擁入眠 　　一松是個怕冷的傢伙，加上末梢血液循環不好，...（阅读全文: http://t.cn/RqLwJM0 下载LOFTER客户端: 移动客户端下载）,苒殤_趕稿趕到世界盡頭,https://weibo.cn/smile10706,0,0,0,https://weibo.cn/comment/Dp9Y7AV53?uid=3785942071&rl=1#cmtfrm,2016-04-02,23:59:08,2016-04-02
:Oni给我打电话说Tracy啊你不要给男生电话号码，晚上不要跟男生出去。我说Oni啊我马上都25岁了好吧，她说你在我心里就一直20岁像个小孩儿。我说你20岁的时候都跟现在的老公同居好吧，她说这不一样。她可以我不可以。。这double standard啊。。。🙈🙈,Tracy-Milk-Alice,https://weibo.cn/u/1790794713,1,0,3,https://weibo.cn/comment/Dp9Xnbulo?uid=1790794713&rl=1#cmtfrm,2016-04-02,23:57:17,2016-04-02
:最稳妥的办法还是维持自己的生活，并且各方面（工作，生活，爱好）都不要掉以轻心，维持一种比较好的状态。更理想的是有个能沟通，不烦人，既能睡到一起，也能说到一起的男朋友，但是不要同居。婚姻并非奢望，而且对我而言也不是一个好的选择。毕竟我本质上是一个用尽全力与日常生活对抗的元气少女啊。,木本植物_,https://weibo.cn/u/5082503411,0,1,0,https://weibo.cn/comment/Dp9XaeLth?uid=5082503411&rl=1#cmtfrm,2016-04-02,23:56:46,2016-04-02
:仆等前篇25y后篇17y都是基本少女线，少女漫就是这样的波，我觉得少女漫改是不能算实际的，基本暑期档+少女+原作是不会收到特别差的，有的事务所直接拿来砸，还有我才发现，青旅居然收的没闪爱高，之前一直记得青旅超过20y 邻座同居好扑虽然场馆少。,人間観察__,https://weibo.cn/u/1745476594,0,0,0,https://weibo.cn/comment/Dp9UnBQ9N?uid=1745476594&rl=1#cmtfrm,2016-04-02,23:49:55,2016-04-02
:她下班回家。他坐在沙发上。面无表情地抽着烟，突然他开口了：喂，我说，我们像这样同居两年了，你不觉得厌倦吗？她停下了正换着拖鞋的手，转过身愣愣的看着他：你说....什么？他还是一样面无表情：我说，我厌倦了。她的眼泪流了出来，无助地背过身擦拭。一个温暖的身体突然抱住她：不如我们结婚好吗？,嫚嫦璐,https://weibo.cn/u/5701568296,0,0,0,https://weibo.cn/comment/Dp9RG79wA?uid=5701568296&rl=1#cmtfrm,2016-04-02,23:43:14,2016-04-02
:瑞典夫妻俩爱上同一名男子 三人同居同眠！据英国《每日镜报》 瑞典一名已婚的的士司机，爱上另一名已婚的士司机，而他的妻子与这名“第三者”见面后，又互生情愫，三人最后决定同居，大被同眠，连带他们的4名子女也住在一起。,多带防晒霜,https://weibo.cn/u/3715612187,0,0,0,https://weibo.cn/comment/Dp9Q6yFOu?uid=3715612187&rl=1#cmtfrm,2016-04-02,23:39:22,2016-04-02
:旧时年月投入垃圾里 你我一起同居 仍然能送你儿时玩具 老地方抱着一起安睡,被遗忘的诗人,https://weibo.cn/u/2988975282,0,0,0,https://weibo.cn/comment/Dp9OA0NIo?uid=2988975282&rl=1#cmtfrm,2016-04-02,23:35:37,2016-04-02
":姐弟恋靠不靠谱？女博士能嫁出去不？恋爱多久开始同居？来看看大数据，一定让你脑洞大开！复旦大什么人最适合与你结婚? 别信星座了, 看大数据!",梦中的水仙,https://weibo.cn/u/2187694740,0,0,0,https://weibo.cn/comment/Dp9NsjNIR?uid=2187694740&rl=1#cmtfrm,2016-04-02,23:32:51,2016-04-02
:听歌听久了那就再了解多一下吧，要不然多像非法同居,sukkiesu_,https://weibo.cn/u/5201734650,2,0,0,https://weibo.cn/comment/Dp9LCfVbL?uid=5201734650&rl=1#cmtfrm,2016-04-02,23:28:19,2016-04-02
:记2016第一次同居,Allobe,https://weibo.cn/u/1015945351,3,0,3,https://weibo.cn/comment/Dp9Lbiwb0?uid=1015945351&rl=1#cmtfrm,2016-04-02,23:27:15,2016-04-02
:分享网易新闻:《她曾红遍亚洲与齐秦同居 如今靠小男友复出?》 http://t.cn/RqLzaL6 @网易新闻客户端 #我在看新闻#,光头宸嗲,https://weibo.cn/u/2792251127,0,0,0,https://weibo.cn/comment/Dp9Koj3je?uid=2792251127&rl=1#cmtfrm,2016-04-02,23:25:18,2016-04-02
:【星座如何看婚前同居】白羊一道美丽的风景，金牛爱是一种责任，双子像风一样的爱情，巨蟹期待结果的爱，狮子爱与生俱来的权力,超级笨的一头,https://weibo.cn/u/5235589568,0,0,0,https://weibo.cn/comment/Dp9HR4rO4?uid=5235589568&rl=1#cmtfrm,2016-04-02,23:19:03,2016-04-02
:同居第一天@Edenhallcho-,午後三点吃蔬菜,https://weibo.cn/u/5418906929,3,1,0,https://weibo.cn/comment/Dp9G2wugw?uid=5418906929&rl=1#cmtfrm,2016-04-02,23:14:34,2016-04-02
:如果爱一个人，千万不要与他同居或是结婚。维持一个辽阔的距离，偶遇，可以爱慕的目光致敬，轻俏温柔，不着边际地问：“好吗？”一年一次已经足够。 ——《绝对是个梦》,長牙無爪-煙,https://weibo.cn/u/3206397180,0,0,0,https://weibo.cn/comment/DpjlIbz46?uid=3206397180&rl=1#cmtfrm,2016-04-03,23:51:57,2016-04-03
:开启与小笔童靴为期半个月的同居生活[ppb鼓掌][做鬼脸]仿佛又回到了大学时期的惬意生活[xkl喜],溥节霜溥蛋,https://weibo.cn/u/5871802978,0,0,0,https://weibo.cn/comment/DpjllajpX?uid=5871802978&rl=1#cmtfrm,2016-04-03,23:51:03,2016-04-03
:【史上最憋屈的死法：被女友一屁股坐死】在美国的俄亥俄州克利夫兰市，30多岁的米娅和男友米卡尔同居，米娅重136公斤，米卡尔体重只有54.4公斤。去年8月，两人吵架，米娅一怒之下把身子移到坐在沙发上的男友面前，使劲一屁股坐下去。等米娅起身的时候，她再也听不见男友的声音,灌水奶妈,https://weibo.cn/u/3412290882,0,0,0,https://weibo.cn/comment/DpjkT4png?uid=3412290882&rl=1#cmtfrm,2016-04-03,23:49:56,2016-04-03
:#邻居同居LDK# #山崎贤人# 无违和漫改少年💙💕 | P8用食物代替了一张侧颜杀,扯零零,https://weibo.cn/ttllyycc,21,14,3,https://weibo.cn/comment/Dpjk8pogl?uid=1789939315&rl=1#cmtfrm,2016-04-03,23:48:05,2016-04-03
:#火有#……天啦这对cp怎么辣么萌！！！哈哈哈哈哈哈哈哈最后的花絮真的要笑die，工桑泥垢，（噗还17兄弟长得一样有调侃六颗松的嫌疑,月光与地老天荒_等一场金色的雨,https://weibo.cn/u/2936729831,7,2,0,https://weibo.cn/comment/Dpjja7ayF?uid=2936729831&rl=1#cmtfrm,2016-04-03,23:45:40,2016-04-03
:肌肉都给笑出来了 //【南阳一小伙和女朋友同居之后，每天生不如死】 http://t.cn/RqyP1IB（分享自 @一点资讯）,一个小矮人儿,https://weibo.cn/u/5183395499,0,0,0,https://weibo.cn/comment/Dpjitf9Vw?uid=5183395499&rl=1#cmtfrm,2016-04-03,23:43:59,2016-04-03
:【我们闪婚吧】如我接受了你，我们又不在同城，要怎么恋愛啊。我虽不反对未婚同居，但我是没安全感的人，我怕若和你在一起，突然又出现一女人说那是她家怎么办，我会崩溃的。所以，闪婚吧。当然，我会在婚前给你两张纸，一张是体检健康报告，一张是书写承诺（若离婚，只带走我自己）。《无特指~》,来去有数,https://weibo.cn/u/1945596505,1,2,2,https://weibo.cn/comment/DpjgNzgRk?uid=1945596505&rl=1#cmtfrm,2016-04-03,23:39:52,2016-04-03
:她下班回家。 他坐在沙发上。面无表情地抽着烟，突然他开口了：我说，我们像这样同居两年了，你不觉得厌倦吗？ 她停下了正换着拖鞋的手，转过身愣愣看着他：你说 .. 什么？ 他还是一样面无表情：我说，我厌倦了。 她眼泪流了出来，无助地背过身擦拭。 一个温暖的身体突然抱住她：不如，我们结婚好吗？,崔配绘崔捉尚,https://weibo.cn/u/5854519450,0,0,0,https://weibo.cn/comment/DpjgLrlWa?uid=5854519450&rl=1#cmtfrm,2016-04-03,23:39:47,2016-04-03
:三个深井冰少女的南京同居手脚日常,金俊奎年上女友,https://weibo.cn/u/5515551726,2,0,0,https://weibo.cn/comment/DpjeJ0ixy?uid=5515551726&rl=1#cmtfrm,2016-04-03,23:34:44,2016-04-03
:花了两天把#同居男女2#刷完了，#桌桌有娱#主持人等人的演出好好好精彩，感谢工作人员拍出属于广东人的电视剧，永远支持你们,大麦麦-Sandy,https://weibo.cn/u/5735408862,0,0,0,https://weibo.cn/comment/DpjcIi0T1?uid=5735408862&rl=1#cmtfrm,2016-04-03,23:29:47,2016-04-03
:结果你们单纯的睡了一晚，废物 //女朋友第一次坐车来看我了，还要跟我同居。最重要的还是处！好开心 http://t.cn/RqwHBWG (分享自 @内涵段子),ruckbeautiful,https://weibo.cn/u/2821402297,0,0,0,https://weibo.cn/comment/DpjcyfGwE?uid=2821402297&rl=1#cmtfrm,2016-04-03,23:29:23,2016-04-03
:【心理建议】理想中的男女关系，并不是结婚，亦不是同居，而是维持一种朋友关系。,纯净水肖肖雨翀桓,https://weibo.cn/u/5398802928,0,0,0,https://weibo.cn/comment/Dpjce9b0L?uid=5398802928&rl=1#cmtfrm,2016-04-03,23:28:35,2016-04-03
:最近老能找到不错的片子，小清新文艺范. 刚看完一部日剧，《邻居同居》 极力推荐，because-男主帅，女主爱，(≧▽≦)哈哈哈哈哈！！ 我会不会进入日剧的天下呢？？\^O^/ 杭州·闻堰,哭前q试着笑,https://weibo.cn/u/3723891174,1,0,0,https://weibo.cn/comment/Dpja1nay8?uid=3723891174&rl=1#cmtfrm,2016-04-03,23:23:10,2016-04-03
:十八年来终于跟妹妹开房同居,CARI就不告诉你,https://weibo.cn/u/5028599677,5,0,2,https://weibo.cn/comment/Dpj8X9oVt?uid=5028599677&rl=1#cmtfrm,2016-04-03,23:20:32,2016-04-03
:如果爱一个人，千万不要与他同居或是结婚。维持一个辽阔的距离，偶遇，可以爱慕的目光致敬，轻俏温柔，不着边际地问：“好吗？”一年一次已经足够。,n傲寒n,https://weibo.cn/u/5320977838,0,0,0,https://weibo.cn/comment/Dpj8CaBhs?uid=5320977838&rl=1#cmtfrm,2016-04-03,23:19:42,2016-04-03
:发表了博文《合租男竟然用摄像头跟拍同居女》世界真是如此之大，稀奇古怪的事情就多起来了，家住武汉武昌的郑小姐5月的一天竟然发现自己家中的卫生间不知道什么时候竟然多了一个卡通风微型摄像头。　　郑小姐和一个http://t.cn/RqLsZIG,小小梦想家的世界,https://weibo.cn/u/1883308662,0,0,0,https://weibo.cn/comment/Dpj7wbsyh?uid=1883308662&rl=1#cmtfrm,2016-04-03,23:17:00,2016-04-03
:【史上最憋屈的死法：被女友一屁股坐死】在美国的俄亥俄州克利夫兰市，30多岁的米娅和男友米卡尔同居，米娅重136公斤，米卡尔体重只有54.4公斤。去年8月，两人吵架，米娅一怒之下把身子移到坐在沙发上的男友面前，使劲一屁股坐下去。等米娅起身的时候，她再也听不见男友的声音,真我时尚荷展怀,https://weibo.cn/u/5775632787,0,0,0,https://weibo.cn/comment/DpsNRx9EK?uid=5775632787&rl=1#cmtfrm,2016-04-04,23:56:03,2016-04-04
:她下班回家，他坐在沙发上，面无表情地抽着烟，突然他开口了：“喂，我说我们向这样同居两年了，你不觉得厌烦吗？”她停下了正换着拖鞋的手，转过身楞楞的看着他：你说什么？他还是一样面无表情：我说我厌倦了。她的眼泪流了出来，无助地背过身擦拭。一个温暖的身体突然抱住她：不如，我们结婚好吗？,慢慢读物,https://weibo.cn/u/3297330474,0,0,0,https://weibo.cn/comment/DpsNKv0G2?uid=3297330474&rl=1#cmtfrm,2016-04-04,23:55:46,2016-04-04
:逗比小两口，相识十年，相恋n年，同居一年，本微博记录小两口逗比每一瞬间！,天然呆萌小正太,https://weibo.cn/u/5564236305,0,0,0,https://weibo.cn/comment/DpsM77CbV?uid=5564236305&rl=1#cmtfrm,2016-04-04,23:51:44,2016-04-04
:如果婚姻是一种买卖行为，同居就是一种试用阶段。试用结果大部分都是退货，原因并非品质不好，而是不够新奇了。,诠释那属于我地春天根乐月,https://weibo.cn/u/5719583807,0,0,0,https://weibo.cn/comment/DpsLPEH5B?uid=5719583807&rl=1#cmtfrm,2016-04-04,23:51:03,2016-04-04
:久違的同居生活，哈哈哈， 女生宿舍熄燈啦，能吃能喝的女子們，@小尾巴hpt 艾特關關。古耐…,诗安s,https://weibo.cn/u/2377216895,1,1,7,https://weibo.cn/comment/DpsLLvEex?uid=2377216895&rl=1#cmtfrm,2016-04-04,23:50:53,2016-04-04
:两个脾气各异性格不同的人，要相爱很容易但要生活在一起却很难。因为相爱只要在一起就可以，简单，而生活却现实到谁洗碗碟，琐碎；恋爱是和他的优点在一起，同居是和他的缺点生活在一起。要过一辈子，要有忍让有底线，忍让收获平和，底线是婚姻的约束。两个人都能做到底线之内的忍让，这才是终身的爱。,谢侧眠谢,https://weibo.cn/u/5836701201,0,0,0,https://weibo.cn/comment/DpsFDx3Bu?uid=5836701201&rl=1#cmtfrm,2016-04-04,23:35:46,2016-04-04
:刘·阿拉丁神灯·在石。一个要冰箱一个要空调，你们这是要搬出去同居的节奏。。,曾记惊鸿照影,https://weibo.cn/wxyfish,0,0,0,https://weibo.cn/comment/DpsEZ4z7z?uid=1669724034&rl=1#cmtfrm,2016-04-04,23:34:10,2016-04-04
:同居一个多月了…………竟然……,夏虫_Cantabile,https://weibo.cn/martinifox,0,0,0,https://weibo.cn/comment/DpsEjnH6Z?uid=1269517195&rl=1#cmtfrm,2016-04-04,23:32:31,2016-04-04
":起床气已经成为父母子女亲情崩塌、同居情侣关系破裂、宿舍室友互相残杀的重要原因。倡议发起「嘘！让他睡吧」之千万不要叫醒熟睡中的人们活动,每一次安静地走开就有可能拯救一个家庭、挽回一段爱情。",慕多,https://weibo.cn/u/5700084557,0,0,0,https://weibo.cn/comment/DpsBGgtim?uid=5700084557&rl=1#cmtfrm,2016-04-04,23:26:03,2016-04-04
:与十二星座同居结果:与十二星座同居结果,大风起兮别带伞,https://weibo.cn/u/2641062787,0,0,0,https://weibo.cn/comment/DpsxFbTin?uid=2641062787&rl=1#cmtfrm,2016-04-04,23:16:06,2016-04-04
:现如今、没结婚的像结婚的一样同居，结婚的像没结婚的一样分居。动物像人一样穿衣服，人像动物一样露着肉！--写的不错，有点味道。,人寸弓虽的围脖,https://weibo.cn/u/2305238153,0,0,0,https://weibo.cn/comment/DpsuAzJUN?uid=2305238153&rl=1#cmtfrm,2016-04-04,23:08:34,2016-04-04
:4月3日中午，是清明假期的第二天，伴随着零星小雨五旬女子赤身裸体卧室被杀 系同居男友作案 http://t.cn/Rq4cEex,姜锡林1962,https://weibo.cn/u/3896526782,0,0,0,https://weibo.cn/comment/DpCftxB2S?uid=3896526782&rl=1#cmtfrm,2016-04-05,23:58:48,2016-04-05
:【同居越久越不想娶你的星座男】冠军（金牛座）、亚军（天蝎座）、季军（双鱼座）、第四名（白羊座）、第五名（射手座）、第六名（双子座）、第七名（天秤座）、第八名（巨蟹座）、第九名（水瓶座）、第十名（狮子座）、第十一名（处女座）、第十二名（摩羯座）。,sky__夏丶沐瑾,https://weibo.cn/u/2644749074,0,0,0,https://weibo.cn/comment/DpCeV2ZE6?uid=2644749074&rl=1#cmtfrm,2016-04-05,23:57:25,2016-04-05
:珍珠皇后-神秘的黑珍珠 目前前黑珍珠只有两个主要的天然产地：一是波利尼西亚群岛的大溪地岛，产出全球95％的黑珍珠；二是库克群岛的彭林岛和马居希基岛，产量占总产量的4％。这两个地区同居于太平洋中南部，故又称黑珍珠为黑色南洋珠。,潘朵拉传媒,https://weibo.cn/u/2728262380,0,0,1,https://weibo.cn/comment/DpCeKo5EL?uid=2728262380&rl=1#cmtfrm,2016-04-05,23:57:00,2016-04-05
:哈哈哈你蛋的啤酒广告⋯⋯想看千杯不醉性转啤酒职员蛋和摇滚歌手小虎的故事哈哈哈。——虽然我千杯不醉，可是那一年的盛夏，有一个人走音的歌声却令我深深陶醉。从那一刻起，我知道⋯⋯我恋爱了。职员大概有点强迫症洁癖燃鹅小虎却可以一个礼拜不洗头，同居生活道阻且长啊二位。,mini甜瓜啾啾啾,https://weibo.cn/u/5145900218,3,0,0,https://weibo.cn/comment/DpCdnezoP?uid=5145900218&rl=1#cmtfrm,2016-04-05,23:53:37,2016-04-05
:某男博士，要师妹做饭。第三日，从后环女生腰索吻，遂成其女友。同居两年，男前往加拿大做博士后，离开女友后以每日繁忙为名，与女友联系不足5分钟。后女友将其学位代办公证，邮寄至加，男生领到学位即刻与女友分手。女痛不欲生，后得知，（前）男友至加不足三日即有暧昧新欢，2月余拿学位后才摊牌分手,净瓶天下,https://weibo.cn/tsyjz,0,0,0,https://weibo.cn/comment/DpCbW2mLf?uid=1985264465&rl=1#cmtfrm,2016-04-05,23:50:03,2016-04-05
":#百日瑜洲##瑜洲夫夫# 34
同居那点事
恋爱三十题暂停。
新设定 发展剧情百分之60不符合他俩的发展路程，现在并不知道相互喜欢√（仅个人YY，你撕我我也不会理你。）
@森暄 @-Vicky许小七- @鲸鱼儿的秋裤 求转发",黄景瑜的手,https://weibo.cn/u/5846155540,20,6,2,https://weibo.cn/comment/DpCbsapOU?uid=5846155540&rl=1#cmtfrm,2016-04-05,23:48:53,2016-04-05
:近日，有知情人爆料称朋友在台湾旅游时遇见黄立行与一女牵手甜蜜现身，言语间断定该女生并非台妹，从穿着打扮来看颇似徐静蕾，并称两人应已在台湾秘密同居。,傲娇神马的最讨厌了Kevin,https://weibo.cn/u/2874078840,0,0,0,https://weibo.cn/comment/DpCaBByCp?uid=2874078840&rl=1#cmtfrm,2016-04-05,23:46:48,2016-04-05
:【同居越久越不想娶你的星座男】冠军（金牛座）、亚军（天蝎座）、季军（双鱼座）、第四名（白羊座）、第五名（射手座）、第六名（双子座）、第七名（天秤座）、第八名（巨蟹座）、第九名（水瓶座）、第十名（狮子座）、第十一名（处女座）、第十二名（摩羯座）。,桥爪璃完,https://weibo.cn/u/5782805118,0,0,0,https://weibo.cn/comment/DpC7XfKug?uid=5782805118&rl=1#cmtfrm,2016-04-05,23:40:16,2016-04-05
:@范歆语 🎂怀念同居的日子,韩大秀xxx,https://weibo.cn/u/1611724910,0,0,1,https://weibo.cn/comment/DpC7XfKrY?uid=1611724910&rl=1#cmtfrm,2016-04-05,23:40:16,2016-04-05
:持证上岗，再也没人敢说我们非法同居了哈哈哈@小暴牙在江湖 你是我的人了！以后要听话,Jsun希,https://weibo.cn/u/1980248153,8,1,17,https://weibo.cn/comment/DpC6L5iCv?uid=1980248153&rl=1#cmtfrm,2016-04-05,23:37:20,2016-04-05
:妾发初覆额，折花门前剧。 郎骑竹马来，绕床弄青梅。 同居长干里，两小无嫌猜。,咩洋洋洋0v0,https://weibo.cn/u/2837100375,1,0,0,https://weibo.cn/comment/DpC3PpRBv?uid=2837100375&rl=1#cmtfrm,2016-04-05,23:30:05,2016-04-05
:【史上最憋屈的死法：被女友一屁股坐死】在美国的俄亥俄州克利夫兰市，30多岁的米娅和男友米卡尔同居，米娅重136公斤，米卡尔体重只有,沧月的老巢,https://weibo.cn/u/5768285650,0,0,0,https://weibo.cn/comment/DpC3p7d7l?uid=5768285650&rl=1#cmtfrm,2016-04-05,23:29:03,2016-04-05
:记念@铁臂阿童木rr 我们同居的最后一晚,无敌_xm,https://weibo.cn/u/2687521332,2,0,0,https://weibo.cn/comment/DpC3nCgL4?uid=2687521332&rl=1#cmtfrm,2016-04-05,23:29:00,2016-04-05
:和你同居的人正在改变你的免疫系统 和你同居的人正在改变你的免疫系统 请关注微信公众号：轻科技 微信号：qingkji,轻科技v,https://weibo.cn/u/5642266949,0,0,0,https://weibo.cn/comment/DpBXp6wPa?uid=5642266949&rl=1#cmtfrm,2016-04-05,23:14:15,2016-04-05
:现如今， 没结婚的像结婚的一样同居， 结婚的像没结婚的一样分居。 动物像人一样穿衣服， 人像动物一样露着肉。 小孩子像大人一样成熟， 大人像小孩子一样幼稚。 女人像男人一样爷们， 男人像女人一样娘们。,卟一样旳天空,https://weibo.cn/u/3790739635,1,0,0,https://weibo.cn/comment/DpLGhB7MQ?uid=3790739635&rl=1#cmtfrm,2016-04-06,23:59:34,2016-04-06
:夏天来了，小鸟恋爱了，蚂蚁同居了，苍蝇怀孕了，蚊子流产了，蝴蝶离婚了，毛毛虫改嫁了，青蛙生孩子了，你还等什么？,可以v友巩时,https://weibo.cn/u/5606264152,0,0,0,https://weibo.cn/comment/DpLG4Auxd?uid=5606264152&rl=1#cmtfrm,2016-04-06,23:59:03,2016-04-06
":她下班回家,他坐在沙发上。面无表情的抽着烟,突然开口说,“喂,我说,我们同居了2年,你不觉得厌倦吗？”她转身,愣愣的看着他,“你说....什么？..”他面无表情的说,“我厌倦了..”她的眼泪流了出来,无助的背过身。一个温暖的怀抱突然抱住她,“不如我们结婚吧”。",大森冶进须,https://weibo.cn/u/5259099034,0,0,0,https://weibo.cn/comment/DpLFWnpEX?uid=5259099034&rl=1#cmtfrm,2016-04-06,23:58:43,2016-04-06
:如果你只是为了降低生活成本而早早选择[km黑块旋转]同居，你就不得不面对，这个男人的心智成熟度尚在少年阶段，除了平摊一些生活费用，让你一开始感觉轻松。那么随着同居时间渐长，你的头顶就会高悬着一把剑。,乐观的你就是绝版,https://weibo.cn/u/5790343682,0,0,0,https://weibo.cn/comment/DpLEAoT8u?uid=5790343682&rl=1#cmtfrm,2016-04-06,23:55:22,2016-04-06
:这社会，女的照相照胸，男的照相照车，谁知道胸是不是挤的，车是不是你的。 这年头，有纹身的都怕热，用苹果的都没兜，带手表的爱拍腿，镶金牙的爱咧嘴。 现如今，没结婚的像结婚的一样同居，结婚的像没结婚的一样分居。动物像人一样穿衣服，人像动物一样露着肉。,刺桐树上的你,https://weibo.cn/u/2810201224,1,0,0,https://weibo.cn/comment/DpLDI5feF?uid=2810201224&rl=1#cmtfrm,2016-04-06,23:53:13,2016-04-06
:13年在家遭遇家暴才外出打工，14年春节回家，小三已经和她老公同居，这是离家几年，还是失踪凢年自动离婚，我也是醉了//@大大大隻威:三楼的眼睛有问题，人家都说了离家一年没够就回来了，何来几年？？？//【女子脸部被老公和“小三”划近百刀 几近毁容 】 女子脸部被老公和小三划百刀,2391张扬,https://weibo.cn/u/2346646905,0,0,0,https://weibo.cn/comment/DpLCWuU7F?uid=2346646905&rl=1#cmtfrm,2016-04-06,23:51:20,2016-04-06
:和乐小姐/同居/的日子,柚子酱s,https://weibo.cn/u/2239875900,2,0,7,https://weibo.cn/comment/DpLzt55CU?uid=2239875900&rl=1#cmtfrm,2016-04-06,23:42:46,2016-04-06
:男人对婚姻的期望，往往都是厌烦了独自[km闪]生活，倦鸟归巢。所以，同居时代简直是某些男人的福音。既可以享受家庭生活的感觉，而且还可以不去背上“婚姻”的枷锁和责任。,没人替涐勇敢不了情,https://weibo.cn/u/5795211561,0,0,0,https://weibo.cn/comment/DpLvE4inz?uid=5795211561&rl=1#cmtfrm,2016-04-06,23:33:21,2016-04-06
:甜蜜野餐同居一室 唐艺昕张若昀恋情坐实搜狐娱乐讯（全明星探/图文）近日，记者拍到张若昀与唐艺昕同框，期间两人牵手喂食等亲密小动作不断。图为张若昀从剧组返回酒店。在摄影师的跟随下，张若昀从剧组返回酒店，而当他的助理将众多食材运送上车后，他却... http://t.cn/RqbObkO,一浅意识,https://weibo.cn/u/5596930741,0,0,0,https://weibo.cn/comment/DpLu9zVxc?uid=5596930741&rl=1#cmtfrm,2016-04-06,23:29:41,2016-04-06
:【奇葩街访，同居是读大学的标配吗？】 奇葩街访，同居是读大学的标配吗？,硅谷猎人,https://weibo.cn/u/1561318735,0,0,0,https://weibo.cn/comment/DpV5MF6Om?uid=1561318735&rl=1#cmtfrm,2016-04-07,23:57:08,2016-04-07
:女孩谈恋爱，一定要干干脆脆。如相爱，咱们就奔着结[orz]婚去，约会、见朋友、去家里吃饭、一起存钱、长途旅行、同居、结婚。一系列事情应陆续去做，千万不要纠结某个点上好几年。,萝莉控你倘若不离开,https://weibo.cn/u/5819863721,0,0,0,https://weibo.cn/comment/DpV5xAS94?uid=5819863721&rl=1#cmtfrm,2016-04-07,23:56:32,2016-04-07
:2)现在她们准备毕业离开这里了，我才发现我有多需要她们。她们经常跟我分享家庭爱情的事但我却没跟她们提过(都是说那些无聊的明星)这三年她们辛苦了。最近我发了很多找人同居 广告，但是都没用，我知道我又要搬家了。应该这个越南就有我搬家这么多次吧,I_live_in_dreams,https://weibo.cn/u/3856608335,4,0,0,https://weibo.cn/comment/DpV4Z49nJ?uid=3856608335&rl=1#cmtfrm,2016-04-07,23:55:08,2016-04-07
:那些曾经以为念念不忘的事情就在念念不忘的过程里，逐渐遗忘了。放下个性，放下固执，尽力迁就，只是为了不质疑曾经的选择。世上最遥远的距离，不是生与死的距离，也不是天各一方，而是同居一室，却形同陌路。,约一程时光,https://weibo.cn/u/3725198740,0,0,0,https://weibo.cn/comment/DpV48shDs?uid=3725198740&rl=1#cmtfrm,2016-04-07,23:53:03,2016-04-07
:我居然写过同居那篇……呃啊啊想看后续………………,士冖一禾几又,https://weibo.cn/u/1516045401,6,0,3,https://weibo.cn/comment/DpV3897O9?uid=1516045401&rl=1#cmtfrm,2016-04-07,23:50:34,2016-04-07
:《看不见爱情的房间_016【亲密同居生活一】》很喜欢！都来听听吧看不见爱情的房间_016【亲密同居生活一】（分享自@喜马拉雅FM）,手头剪刀布哇哈哈,https://weibo.cn/u/3953628625,0,0,0,https://weibo.cn/comment/DpV2jhPpg?uid=3953628625&rl=1#cmtfrm,2016-04-07,23:48:33,2016-04-07
:我在@华律网 解答了#华律法律咨询#“夫妻同居一方能起诉离婚吗” 查看详情>>http://t.cn/RqqNxeL。【上网找律师，就上华律网 66Law.cn】,柳州律师覃家强,https://weibo.cn/gxqjq,0,0,0,https://weibo.cn/comment/DpV0tx5Oi?uid=2344590063&rl=1#cmtfrm,2016-04-07,23:44:02,2016-04-07
:原来异性同居是违法的，但不适用于同性恋。这是歧视吗？！？http://t.cn/RqqNL42,難得葱鸣,https://weibo.cn/GZonion,0,0,0,https://weibo.cn/comment/DpUZxliga?uid=3210866192&rl=1#cmtfrm,2016-04-07,23:41:43,2016-04-07
:她和他在一起没多久便开始同居，很多朋友不看好他们的感情。后来，身边情比金坚的例子分手，经历过爱情长跑反而离了婚，倒是他们一直相濡以沫。朋友问她有没有什么秘诀，她笑笑，不过是对彼此负责而已。,用户5887933990,https://weibo.cn/u/5887933990,0,0,0,https://weibo.cn/comment/DpUYseuGd?uid=5887933990&rl=1#cmtfrm,2016-04-07,23:39:03,2016-04-07
:近日，有知情人爆料称朋友在台湾旅游时遇见黄立行与一女牵手甜蜜现身，言语间断定该女生并非台妹，从穿着打扮来看颇似徐静蕾，并称两人应已在台湾秘密同居。,浮云不就是神马Lisa,https://weibo.cn/u/3029364203,0,0,0,https://weibo.cn/comment/DpUW1gTYN?uid=3029364203&rl=1#cmtfrm,2016-04-07,23:33:03,2016-04-07
:想看速度、材木、数字从家里搬出去然后分开同居偶尔串门的日常.....想看800p（，所以搬出去到底有什么不好（（（（,人淡如菊20202020,https://weibo.cn/fallingman,0,0,6,https://weibo.cn/comment/DpUVx7s0x?uid=2651440120&rl=1#cmtfrm,2016-04-07,23:31:51,2016-04-07
:《最佳现场》20130114 硬汉郭晓峰做客现场 糊涂回应同居好友吐槽 @郭晓峰 峰哥戒掉烟了没有，抽烟真的对身体不好，，冬哥说的对@演员郭晓东 《最佳现场》20130114 硬汉郭晓峰做客现场 糊涂回应同居好友吐槽,冬日峰火,https://weibo.cn/u/5610594779,1,0,0,https://weibo.cn/comment/DpUR1Ac3m?uid=5610594779&rl=1#cmtfrm,2016-04-07,23:20:45,2016-04-07
:同食共寝住一起，10年相恋8年同居，婚姻就差一张纸，男女主之间的感情应该已经由爱情向亲情转化了吧，虽然这种转化在我看来是不会百分百转化率的，但是由恋人变成家人的过程对双方都有求变的要求吧，嗯，零经验的我在纸上谈兵。,茶兔子,https://weibo.cn/u/2853829972,0,0,0,https://weibo.cn/comment/DpUQ7an7c?uid=2853829972&rl=1#cmtfrm,2016-04-07,23:18:30,2016-04-07
:她下班回家。 他坐在沙发上。面无表情地抽着烟，突然他开口了：我说，我们像这样同居两年了，你不觉得厌倦吗？ 她停下了正换着拖鞋的手，转过身愣愣看着他：你说 .. 什么？ 他还是一样面无表情：我说，我厌倦了。 她眼泪流了出来，无助地背过身擦拭。 一个温暖的身体突然抱住她：不如，我们结婚好吗？,我很有空,https://weibo.cn/u/1577979615,0,0,0,https://weibo.cn/comment/DpUPVAJnE?uid=1577979615&rl=1#cmtfrm,2016-04-07,23:18:03,2016-04-07
":她下班回家,他坐在沙发上。
面无表情的抽着烟,突然开口说,
“喂,我说,我们同居了2年,你不觉得厌倦吗？”
她转身,愣愣的看着他,“你说....什么？..”
他面无表情的说,“我厌倦了..”
她的眼泪流了出来,无助的背过身。
一个温暖的怀抱突然抱住她,
“不如我们结婚吧”",宁波生活网,https://weibo.cn/nbgovcn,0,0,0,https://weibo.cn/comment/DpUP75DL2?uid=5880513970&rl=1#cmtfrm,2016-04-07,23:16:02,2016-04-07
:这种男人得下十八层地狱//日前，一组《邓州一女子被老公和小三打成重伤脸部被划近百刀》的照片在网上和微信上疯传。 照片显示，一女子脸部被锐器划伤，惨不忍睹；并晒出丈夫与小三私密照片。记者调查采访发现，这是一起因丈夫在婚姻存续期间，与第三者同居http://t.cn/RqqK3PI,R宋大大R,https://weibo.cn/xndxr,0,0,0,https://weibo.cn/comment/DpUOW7TLQ?uid=2743817017&rl=1#cmtfrm,2016-04-07,23:15:36,2016-04-07
":她下班回家，他坐在沙发上，面无表情的抽着烟。突然他开口了:""喂.我说.我们像这样同居了两年了，你不觉得厌倦吗?""她停下了正换着拖鞋的手，转过身愣愣的看着他:""你说..什么?""他还是一样面无表情:""我说.我厌倦了。""她的眼泪流了出来.无助的背过身擦拭。一个温暖的身体突然抱住她:""不如我们结婚 好吗",ForgetH勇之壁,https://weibo.cn/u/3810135599,0,0,0,https://weibo.cn/comment/DpUN4Br8a?uid=3810135599&rl=1#cmtfrm,2016-04-07,23:11:01,2016-04-07
:夜读：夫妻同代孕女3人同居生活|村民扫墓扫出大蟒蛇 夜读：夫妻同代孕女3人同居生活|村民扫墓扫出大蟒蛇 （分享自@凤凰新闻客户端）,自由米兰kaka,https://weibo.cn/u/1657627610,0,0,0,https://weibo.cn/comment/Dq4wIqZIl?uid=1657627610&rl=1#cmtfrm,2016-04-08,23:58:11,2016-04-08
:参加一个婚礼后的感想 /如果我有一个女儿，我要跟她说，1，可以婚前同居，但是一定注意不要婚前意外怀孕，2，可以当全职妈妈，但是一定不能理所应当指望男人养。如果可以，尽量有一份自己的工作，不要求一定挣多少钱，但是一定要有自力更生的起码养活自己的能力。3，可以让老人帮带孩子，但是不到万不,Louiselau,https://weibo.cn/chiclook,0,0,0,https://weibo.cn/comment/Dq4wgmyA9?uid=1550239462&rl=1#cmtfrm,2016-04-08,23:57:04,2016-04-08
:丈夫移情别恋三人同居同时怀孕 丈夫移情别恋三人同居同时怀孕 （分享自@凤凰新闻客户端）,北京公司股权纠纷律师,https://weibo.cn/u/5616917776,0,0,0,https://weibo.cn/comment/Dq4w8mrkU?uid=5616917776&rl=1#cmtfrm,2016-04-08,23:56:45,2016-04-08
":结婚的像结婚的一样同居,结婚的像没结婚的一样分居；动物像人一样穿衣服，人像动物一样露着肉；小孩像大人一样成熟，大人像小孩一样幻稚；女人像男人一样爷们，男人像女人一样娘们；没钱的像有钱的一样装富，有钱的像没钱的一样装穷；情人像夫人一样四处招摇，夫人像情人一样深居简出。",早安丶王逸帆小怪兽,https://weibo.cn/u/5794737587,0,0,0,https://weibo.cn/comment/Dq4w6ilRd?uid=5794737587&rl=1#cmtfrm,2016-04-08,23:56:40,2016-04-08
:开启与小笔童靴为期半个月的同居生活[ppb鼓掌][喝多了]仿佛又回到了大学时期的惬意生活[xkl喜],町田解好,https://weibo.cn/u/5784980472,0,0,0,https://weibo.cn/comment/Dq4t0edqN?uid=5784980472&rl=1#cmtfrm,2016-04-08,23:49:03,2016-04-08
:同居女友的沃先生终于出差归国，让咱终结了蹭护肤品的日子，开车去昆山还蹭了顿饭，终于在这边吃到了带有我们湖南味儿的臭豆腐！好好吃，好好吃。,Ness锅,https://weibo.cn/333637117,1,0,0,https://weibo.cn/comment/Dq4rZkhWZ?uid=1253896351&rl=1#cmtfrm,2016-04-08,23:46:32,2016-04-08
:5月15日 🎀 2016春日祭 is coming !!! 继承战音频组奋力战斗ing~~~ 题外话1，看大家撸舞好想加入！题外话2，帝都土著毕业以后能再和基友们刷夜同居太不容易了…… 么么哒 23333 @狐狸chillia @坎瞳 @坎瞳 @好大一只龟 @川溥or一刀,面条儿田家那小田,https://weibo.cn/leishedexiaofen,1,3,2,https://weibo.cn/comment/Dq4qsaFHI?uid=2173759837&rl=1#cmtfrm,2016-04-08,23:42:44,2016-04-08
:丑得骄傲@睡不够的喵oaij 跟我同居的日子怎么样,周思思-ZSY,https://weibo.cn/u/2894167650,4,0,16,https://weibo.cn/comment/Dq4oJuoIY?uid=2894167650&rl=1#cmtfrm,2016-04-08,23:38:31,2016-04-08
:今天已经在朋友圈把自己玩坏了，说了个同居大家都信了，问我结婚了?我也是醉了，我们两个是姑娘好嘛，宝宝只是无聊逗逗你们,Sunny_L23,https://weibo.cn/u/3071310774,3,0,2,https://weibo.cn/comment/Dq4nk2EC0?uid=3071310774&rl=1#cmtfrm,2016-04-08,23:35:02,2016-04-08
:#科普大作战#【这20种因素影响男性生育能力，千万得注意！】影响男性生育能力的主要因素世界卫生组织（WHO）推荐，夫妻婚后同居1年以上，未采...推荐大家阅读@沙万雷医生 的文章 这20种因素影响男性生育能力，千万得注意！,沙雕区,https://weibo.cn/888hjo,0,1,0,https://weibo.cn/comment/Dq4mQbpuK?uid=1827636095&rl=1#cmtfrm,2016-04-08,23:33:51,2016-04-08
:性的起源/The Origins of Sex：本书讲述了自中世纪以降至维多利亚时期，英国地区的通奸和婚前同居是如何从一项损害公众利益的社区事务，逐渐变成一件仅关乎私人品德的事情。妓女们又是如何从主动作恶的恶魔仆人，一步步变成沦落风尘亟待拯救的不幸女子，又摇身一变成为一般民众津津乐道的欢场名媛。,Bob_Choi,https://weibo.cn/goodbigatree,0,0,1,https://weibo.cn/comment/DqdWHEREA?uid=1842141000&rl=1#cmtfrm,2016-04-09,23:56:56,2016-04-09
:低音炮还长这么萌，啊！非常中意ice bear#we bare bears#羡慕这三只同居的熊😂,仙女宝贝飞走了,https://weibo.cn/u/2106565112,1,1,2,https://weibo.cn/comment/DqdUhzk1C?uid=2106565112&rl=1#cmtfrm,2016-04-09,23:50:58,2016-04-09
:朋友和同居1年的女友分手，听他的讲述真是刷新了我对奇葩的认知。,啸来啸往,https://weibo.cn/u/1242125180,0,0,8,https://weibo.cn/comment/DqdTWhjie?uid=1242125180&rl=1#cmtfrm,2016-04-09,23:50:07,2016-04-09
:我不会告诉你我和谁同居了,冥王小星_,https://weibo.cn/u/3934558156,2,0,3,https://weibo.cn/comment/DqdQqembk?uid=3934558156&rl=1#cmtfrm,2016-04-09,23:41:26,2016-04-09
:【史上最憋屈的死法：被女友一屁股坐死】在美国的俄亥俄州克利夫兰市，30多岁的米娅和男友米卡尔同居，米娅重136公斤，米卡尔体重只有54.4公斤。去年8月，两人吵架，米娅一怒之下把身子移到坐在沙发上的男友面前，使劲一屁股坐下去。等米娅起身的时候，她再也听不见男友的声音,果味de糖酱,https://weibo.cn/u/2374493302,0,0,0,https://weibo.cn/comment/DqdP64uKY?uid=2374493302&rl=1#cmtfrm,2016-04-09,23:38:11,2016-04-09
:发表了一篇转载博文《[转载]英拉为什么只同居不结婚？》[转载]英拉为什么只同居不结婚？,sayq1000,https://weibo.cn/yq10001000yq,0,0,0,https://weibo.cn/comment/DqdMKprDb?uid=1496882872&rl=1#cmtfrm,2016-04-09,23:32:23,2016-04-09
:收拾了一整天的寝室 寝室太糟糕了 只有生存没有生活 咋还没人领我出去同居啊,时尚教主lucy老师,https://weibo.cn/u/3894426341,0,0,1,https://weibo.cn/comment/DqdHIBFTF?uid=3894426341&rl=1#cmtfrm,2016-04-09,23:20:01,2016-04-09
:【情感咨询 有问必答】问：一年前瞒着异地的男友和大我两岁的学长同居，后来也知道他只是寂寞了跟我玩玩，本来不联系也就罢了，可他在朋友圈把所有的错都推到我身上，我猜他是故意做给他女朋友看，以证明他的清白。我挺恨他的，但是不知道为什么到现在还是放不下，求老师骂醒。答：你和这位学长太般配了，简直就是一对极品贱人，大半夜的看了让我无语！建议你赶紧求他不要乱发朋友圈了，否则弄得满校园家喻户晓，你以后还怎么瞒着你异地的男友和别的学长上床啊？,情感咨询天地,https://weibo.cn/515676612,4,0,0,https://weibo.cn/comment/DqdHljdVI?uid=1398494331&rl=1#cmtfrm,2016-04-09,23:19:05,2016-04-09
:如[TOTO打我啊]果爱一个人，千万不要与他同居或是结婚。维持一个辽阔的距离，偶遇，可以爱慕的目光致敬，轻俏温柔，不着边际地问：“好吗”一年一次已经足够。–《绝对是个梦》,怀旧的哊点坏哊点乖,https://weibo.cn/u/5794741899,0,0,0,https://weibo.cn/comment/DqdHk83xb?uid=5794741899&rl=1#cmtfrm,2016-04-09,23:19:02,2016-04-09
:她和他在一起没多久便开始同居，很多朋友不看好他们的感情。后来，身边情比金坚的例子分手，经历过爱情长跑反而离了婚，倒是他们一直相濡以沫。朋友问她有没有什么秘诀，她笑笑，不过是对彼此负责而已。,无规则潜水,https://weibo.cn/u/5346353855,0,0,0,https://weibo.cn/comment/DqdFixqrw?uid=5346353855&rl=1#cmtfrm,2016-04-09,23:14:03,2016-04-09
:跟你同居真幸福,Marvelous_刘,https://weibo.cn/u/2288936235,1,0,0,https://weibo.cn/comment/DqdAIxk61?uid=2288936235&rl=1#cmtfrm,2016-04-09,23:02:46,2016-04-09
:有些人谈恋爱五年十年，以为总会结婚。可惜恋爱时间越长，结婚可能性就越小。因为恋爱时间短，男人对你的需求越强烈，越想把你绑身边结婚。而超过五年的恋爱同居，对男人而言，结婚能得到的都得到了，还不如去尝试新鲜女人。所以，超过三年的恋爱，不结婚就分手。男人拖得起，你拖不起。,美容护肤小知识丶,https://weibo.cn/530482342,0,0,0,https://weibo.cn/comment/DqdyjlfH8?uid=2336863160&rl=1#cmtfrm,2016-04-09,22:56:50,2016-04-09
:#鼬佐# #佐鼬# 同居三十题04，一方的起床气。短小地更w文字版走→http://t.cn/RqVCo52,晚晚沉星,https://weibo.cn/norakirkland,6,2,2,https://weibo.cn/comment/DqdxvnoRy?uid=2234809623&rl=1#cmtfrm,2016-04-09,22:54:51,2016-04-09
:夏天来了，小鸟恋爱了，蚂蚁同居了，苍蝇怀孕了，蚊子流产了，蝴蝶离婚了，毛毛虫改嫁了，青蛙生孩子了，,云清婉儿,https://weibo.cn/u/3915814129,0,0,0,https://weibo.cn/comment/DqnomDEb3?uid=3915814129&rl=1#cmtfrm,2016-04-10,23:59:48,2016-04-10
:发表了博文《婚前同居请做好心理准备》中国首家专业婚恋身心灵滋养连锁机构——皓爱慧鑫幸福教育专业婚恋身心灵滋养官网：www.hahxhappiness.icoc.cc爱马提示：婚前同居请做好心理准备同居婚前同居请做好心理准备,看过沙漠的烟火,https://weibo.cn/cqhahx,0,1,0,https://weibo.cn/comment/Dqnnfaeqw?uid=2723768851&rl=1#cmtfrm,2016-04-10,23:57:02,2016-04-10
:开心的周末最后只剩一瓶粉象酒可以回味，在一起的时光过的太快太快，我陪你的时间太少太少。真想同居，下班回家就能见到，你弹琴我看书，你唱我听，周末一起出去玩。我知道自己已经得到很多了，对于你，我还想了解更多更多。就不要离开好不好。,偷泣的声音沙与哑,https://weibo.cn/freedom0201,5,0,1,https://weibo.cn/comment/DqnjQt7kZ?uid=1910227757&rl=1#cmtfrm,2016-04-10,23:48:40,2016-04-10
:她和他在一起没多久便开始同居，很多朋友不看好他们的感情。后来，身边情比金坚的例子分手，经历过爱情长跑反而离了婚，倒是他们一直相濡以沫。朋友问她有没有什么秘诀，她笑笑，不过是对彼此负责而已。,李婷oo上,https://weibo.cn/u/5889226906,0,0,0,https://weibo.cn/comment/Dqnf8epJr?uid=5889226906&rl=1#cmtfrm,2016-04-10,23:37:03,2016-04-10
:分享@并读 ：【女子遇“真爱”三天同居 男友前妻上门大打出手】👍//河南鹤壁的付云，十年前经历了一段失败的婚姻，从此，她不再相信男人。然而，不相信爱情的她，却跟一个刚刚认识3天的男人住到了一起！难道这个男人有...女子遇“真爱”三天同居 男友前妻上门大打出手,美人迷糊_2005,https://weibo.cn/u/5832865861,0,0,0,https://weibo.cn/comment/DqndZk0Xb?uid=5832865861&rl=1#cmtfrm,2016-04-10,23:34:14,2016-04-10
:@C夕阳影Y 我们同居的日子 成都·天缘路,戴momomomo,https://weibo.cn/u/5059955475,8,0,0,https://weibo.cn/comment/Dqnde3TWD?uid=5059955475&rl=1#cmtfrm,2016-04-10,23:32:21,2016-04-10
:今天好奔波哦～跟舍长两个人来回增院跑，我们学校山卡拉真是苦了我们！虽然很累，但是最后舍长给我拦下车，等我上车以后自己再去搭公交车的场景也是让人暖暖哒,廖-瑞-云,https://weibo.cn/u/2044850913,1,0,4,https://weibo.cn/comment/Dqnbvm53z?uid=2044850913&rl=1#cmtfrm,2016-04-10,23:28:07,2016-04-10
:分享网易新闻 《女子遇“真爱”3天同居 被男友前妻上门抓破脸》 女子遇“真爱”3天同居 被男友前妻上门抓破脸 来自@网易新闻客户端 #我在看新闻#,徐鑫3322,https://weibo.cn/u/5107983156,0,0,0,https://weibo.cn/comment/Dqn8woJgF?uid=5107983156&rl=1#cmtfrm,2016-04-10,23:20:46,2016-04-10
:#往事回记# 【性礼品】1940年，日共主席野坂从苏联来到了延安。延安社会部为了让野坂全心提供日本的军事、政治情报，明知其夫人在苏联，却仍然用组织命令方式，满足野坂要“女秘书”的要求，安排24岁的女战士庄涛与年过半百的野坂同居。这段恋情五年即将结束，她一生都生活在曾被作为性礼品的痛苦中。,野地牧羊人,https://weibo.cn/yedimuyangren,0,0,0,https://weibo.cn/comment/Dqn6BAAEn?uid=1943282272&rl=1#cmtfrm,2016-04-10,23:16:03,2016-04-10
:,項慧-Hyea,https://weibo.cn/u/2912396275,2,0,6,https://weibo.cn/comment/Dqn5PtPOE?uid=2912396275&rl=1#cmtfrm,2016-04-10,23:14:08,2016-04-10
:【同居越久越不想娶你的星座男】冠军（金牛座）、亚军（天蝎座）、季军（双鱼座）、第四名（白羊座）、第五名（射手座）、第六名（双子座）、第七名（天秤座）、第八名（巨蟹座）、第九名（水瓶座）、第十名（狮子座）、第十一名（处女座）、第十二名（摩羯座）。,莘干末莘长览,https://weibo.cn/u/5887184559,0,0,0,https://weibo.cn/comment/Dqn215Dh7?uid=5887184559&rl=1#cmtfrm,2016-04-10,23:04:43,2016-04-10
:烧香的未必是善人，挽手的未必是恋人，同居的未必是夫妻，摆阔的未必就富有，抠门的未必就真穷，便宜的未必是次品，昂贵的未必是好货，欠债的未必是无赖，欠揍的未必是地痞……,欧阳代菊,https://weibo.cn/u/5128256717,0,0,0,https://weibo.cn/comment/Dqn1wlo3L?uid=5128256717&rl=1#cmtfrm,2016-04-10,23:03:31,2016-04-10
:突然而来的刚刚开始同居的尴尬是要怎样啊,NC板板豆花饭,https://weibo.cn/206063849,0,0,2,https://weibo.cn/comment/Dqn0VEVjb?uid=1775194960&rl=1#cmtfrm,2016-04-10,23:02:04,2016-04-10
:这社会，女的照相照胸，男的照相照车，谁知道胸是不是挤的，车是不是你的。这年头，有纹身的都怕热，用苹果的都没兜，带手表的爱拍腿，镶金牙的爱咧嘴。现如今，没结婚的像结婚的一样同居，结婚的像没结婚的一样分居。动物像人一样穿衣服，人像动物一样露着肉。#互粉大厅# http://t.cn/RqMDbSg,成都酒吧网,https://weibo.cn/cdjbw,0,0,0,https://weibo.cn/comment/DqwOofEPV?uid=5689980817&rl=1#cmtfrm,2016-04-11,23:58:38,2016-04-11
:女孩谈恋爱，一定要干干脆脆。如相爱，咱们就奔着结婚去，约会、见朋友、去家里[ali郁闷]吃饭、一起存钱、长途旅行、同居、结婚。。。一系列事情应陆续去做，千万不要纠结某个点上好几年。常说，女孩不要用青春赌爱情，因为你赌不起。时间越长爱情越淡，青春越少。用青春赌爱情，输定了。,小野人认真就输了,https://weibo.cn/u/5807768370,0,0,0,https://weibo.cn/comment/DqwO47TIc?uid=5807768370&rl=1#cmtfrm,2016-04-11,23:57:50,2016-04-11
:#黑花##架空#《同居笔记》（十）by@第五和玉：终于更新啦！,黑花集中营,https://weibo.cn/u/2982475887,10,0,2,https://weibo.cn/comment/DqwNm7LFo?uid=2982475887&rl=1#cmtfrm,2016-04-11,23:56:04,2016-04-11
:烧香的未必是善人，挽手的未必是恋人，同居的未必是夫妻，摆阔的未必就富有，抠门的未必就真穷，便宜的未必是次品，昂贵的未必是好货，欠债的未必是无赖，欠揍的未必是地痞……,可西西V,https://weibo.cn/u/3888438613,0,0,0,https://weibo.cn/comment/DqwKjjENY?uid=3888438613&rl=1#cmtfrm,2016-04-11,23:48:34,2016-04-11
:#和同事同居的日子# 这一天的忙碌且不说，我很佩服他们九点半就各自进入房间再也没出来，既不洗澡刷牙，也不喝水。。。真是屌,老衲_能忍,https://weibo.cn/u/2114788492,0,0,0,https://weibo.cn/comment/DqwIClYQV?uid=2114788492&rl=1#cmtfrm,2016-04-11,23:44:26,2016-04-11
:这年头，女的照相照胸，男的照相照车，谁知道胸是不是挤的，车是不是你的。如今，没结婚的像结婚的一样同居，结婚的像没有结婚的一样分居。动物像人一样穿着衣服，人像动物一样露着肉。小孩子像大人一样成熟，大人像小孩子一样幼稚。女人像男人一样爷们，男人像女人一样娘们。没钱的像有钱的一样装富，有钱像没钱的一样装穷。情人像夫人一样四处招摇，夫人像情人一样深入简出。有纹身的都怕热，用苹果的都没兜，带手表的爱拍腿，镶金牙的爱咧嘴。网上说：现在存折里不到百万的，不叫存款，叫余额。审视了一下自己，原来，我的只能叫手续费，有时候连手续费都不足。慢慢明白了，戴三百块的表和三百万的表，时间是一样的； 喝三十块的酒和三千块的酒，呕吐是一样的；住三十平米的房和三百平米的房，孤独是一样的。总有一天你会明白，你内心真正的快乐，是物质世界永远给予不了的…抽十块的烟和抽100块的烟都会得肺癌，坐头等舱和坐经济舱失联了一样都回不来...所以，想明白了，知足常乐...和谁在一起活着才是最重要的！谁能陪着你才是最难得的 生活已不易，且行且珍惜。 http://t.cn/RyhWnTd,杨迁惠,https://weibo.cn/u/5896440316,0,0,0,https://weibo.cn/comment/DqwHHmhJm?uid=5896440316&rl=1#cmtfrm,2016-04-11,23:42:08,2016-04-11
:#女主角失格[电影]# 吧花颜艺💯 虽然有些评论说不喜欢男主设定，可是，我喜欢呀，因为是闲闲呀[doge] 其实，坐车的时候还看了#邻居同居LDK# ，讲真，快进看的，over,三把扫帚飞来,https://weibo.cn/adai19900123,2,0,0,https://weibo.cn/comment/DqwGuABkv?uid=1752671141&rl=1#cmtfrm,2016-04-11,23:39:11,2016-04-11
:#随手晒春天#是朋友的，相隔千里也有一种默契；是陌路的，就算同居一室也有不可逾越的距离！ 晚安(☝｀˘ω˘)☝ 南昌·East China Jiaotong University,胡拿文WAN,https://weibo.cn/u/5158046012,1,0,0,https://weibo.cn/comment/DqwG9DDK7?uid=5158046012&rl=1#cmtfrm,2016-04-11,23:38:21,2016-04-11
:开启与小笔童靴为期半个月的同居生活[ppb鼓掌][困死了]仿佛又回到了大学时期的惬意生活[xkl喜],黄逗爆_4565,https://weibo.cn/u/5255144106,0,0,0,https://weibo.cn/comment/DqwEvDGlf?uid=5255144106&rl=1#cmtfrm,2016-04-11,23:34:17,2016-04-11
:怀上啦，怀上啦🎉🎉一大早收到好消息，跟男朋友同居三年半一直没做过避孕措施，都没怀上，用了一套妇宝宁成功怀上啦🎉 妇宝宁助孕效果绝对不是盖的💪,玲珑儿妇宝宁,https://weibo.cn/u/2140848273,0,0,0,https://weibo.cn/comment/DqwCH5b1W?uid=2140848273&rl=1#cmtfrm,2016-04-11,23:29:48,2016-04-11
:锦绣双城by夕阳看鱼，竹马文，攻受从小一起长大攻为了保护受还留级，长大后表白在一起，穿插了受的爸爸出轨、受转学，后来两人一起读大学同居出柜的故事，很温馨没什么大虐，日常文全程宠溺。喜欢看竹马的一定不能错过，有肉，重点推荐！,五折包邮,https://weibo.cn/u/5664898244,4,1,2,https://weibo.cn/comment/DqwBumWuy?uid=5664898244&rl=1#cmtfrm,2016-04-11,23:26:50,2016-04-11
:分享网易新闻 《女子遇“真爱”3天同居 被男友前妻上门抓破脸》 女子遇“真爱”3天同居 被男友前妻上门抓破脸 来自@网易新闻客户端 #我在看新闻#,夕吻颜,https://weibo.cn/u/3289728717,0,0,0,https://weibo.cn/comment/DqwAKv8vQ?uid=3289728717&rl=1#cmtfrm,2016-04-11,23:25:01,2016-04-11
:FGO就是這點可怕啊[打臉]玩著劇本愛玩同居正太育成的黑貞德so cute蠢蠢欲動但其實更愛一章的立繪所以（冷漠）,朱草P,https://weibo.cn/rom303,0,0,0,https://weibo.cn/comment/DqwzLFcAi?uid=3179940941&rl=1#cmtfrm,2016-04-11,23:22:36,2016-04-11
:刚刚看了朋友写的一段文字，讲述的是他对佛山的记忆，有老房子，有同居的朋友，有春意盎然的小区，也有诚信经营的“水果夫妇”，满满的情怀让我颇有感触。不知不觉，我在佛山已经待了11年之久，谈不上喜欢这座城市，但是某些人，某些事情，甚至某些角落，都已经成为了最美好的回忆，值得一辈子记住！,莲花薄年,https://weibo.cn/u/1846406524,0,0,0,https://weibo.cn/comment/DqGf8cJpN?uid=1846406524&rl=1#cmtfrm,2016-04-12,23:59:14,2016-04-12
:千金，千金，再过2周就可以光明正大的同居了哟。。。。好幸福，好兴奋咧。。。。。,万千的黄贵人,https://weibo.cn/u/5721875024,0,0,1,https://weibo.cn/comment/DqGeoFqSb?uid=5721875024&rl=1#cmtfrm,2016-04-12,23:57:26,2016-04-12
:同居3个月第一次见到女友素颜 小伙被惊呆(图) 同居3个月第一次见到女友素颜 小伙被惊呆(图),qizimini,https://weibo.cn/u/2915344264,1,1,1,https://weibo.cn/comment/DqGe625yf?uid=2915344264&rl=1#cmtfrm,2016-04-12,23:56:41,2016-04-12
:超超超萌这一对,妆妆yu,https://weibo.cn/langweixian,0,0,8,https://weibo.cn/comment/DqGbIBlgR?uid=1752122400&rl=1#cmtfrm,2016-04-12,23:50:50,2016-04-12
:【小伙同居3月初见女友素颜 大眼变小眼被惊呆_央广网】更多精彩尽在360手机浏览器！小伙同居3月初见女友素颜 大眼变小眼被惊呆,武汉众星绿色生物工程有限公司,https://weibo.cn/u/1642278870,1,0,0,https://weibo.cn/comment/DqGbalriG?uid=1642278870&rl=1#cmtfrm,2016-04-12,23:49:27,2016-04-12
:【女子每天为化妆早起晚睡 初现素颜惊呆男友】原标题：同居3个月第一次见到女友素颜小伙被惊呆(图) 【摘要】 早上起来，眼见女友正在厨房忙碌，但女友转过身来，竟是一张陌生的脸&hellip;&hellip;　　 早上起来，眼见女友正在厨房忙碌，但 （分享自 @凤凰网） 女子每天为化妆早起晚睡 初现素颜惊呆男友,gzchanghe,https://weibo.cn/u/1018156961,0,0,0,https://weibo.cn/comment/DqG8io0El?uid=1018156961&rl=1#cmtfrm,2016-04-12,23:42:24,2016-04-12
:【女子每天为化妆早起晚睡 初现素颜惊呆男友】原标题：同居3个月第一次见到女友素颜小伙被惊呆(图) 【摘要】 早上起来，眼见女友正在厨房忙碌，但女友转过身来，竟是一张陌生的脸&hellip;&hellip;　　 早上起来，眼见女友正在厨房忙碌，但 （分享自 @凤凰网） 女子每天为化妆早起晚睡 初现素颜惊呆男友,雕翁,https://weibo.cn/u/2260565620,0,0,0,https://weibo.cn/comment/DqG7QnX55?uid=2260565620&rl=1#cmtfrm,2016-04-12,23:41:17,2016-04-12
:【心理建议】理想中的男女关系，并不是结婚，亦不是同居，而是维持一种朋友关系。,tengdy云若,https://weibo.cn/u/5330217515,0,0,0,https://weibo.cn/comment/DqG7Mxc2i?uid=5330217515&rl=1#cmtfrm,2016-04-12,23:41:08,2016-04-12
:发表了博文《请我这个没用的我谈恋爱第六集迅雷下载在线观看》请我这个没用的我谈恋爱第六集剧情：第6集美知子告诉黑泽，最上提议和她同居。但是，黑泽却指出美知子缺乏“女子力”。感到困惑的美知子去找阿晶商量。请我这个没用的我谈恋爱&nbsp;&nbsp;第六集&nbsp;&nbsp;迅雷下载&nbsp;&nbsp;在线观看,小梁么,https://weibo.cn/u/2919716685,0,0,0,https://weibo.cn/comment/DqG5HkBqN?uid=2919716685&rl=1#cmtfrm,2016-04-12,23:36:00,2016-04-12
:最好的我们:郎骑竹马来，绕床弄青梅。同居长千里，两小无嫌猜。最好的我们 http://t.cn/RqxmXRw,淡墨青衫1222,https://weibo.cn/u/1427996350,0,0,0,https://weibo.cn/comment/DqG5h3UB2?uid=1427996350&rl=1#cmtfrm,2016-04-12,23:34:57,2016-04-12
:同桌：同桌是考试时的救星，睡觉时的警卫，生病时的仆人还有，同桌常常是最好的朋友，患难与共的盟友，可以靠着你哭泣、倾诉，听你诉说的人。学校生活中，距离你最近的人。同桌之间有竞争，帮助。同桌是必不可少的。同桌：同居在桌上！同桌：与你相邻的座位上所坐的人。,杰伊Teddy,https://weibo.cn/u/1796957050,0,0,0,https://weibo.cn/comment/DqG44AL11?uid=1796957050&rl=1#cmtfrm,2016-04-12,23:32:00,2016-04-12
":婚前同居的重要性不言而喻，不单是为了试验对方的性取向，更多的是验证两个人一起生活的能力。『同妻:生完娃才知丈夫是同性恋 婆婆跪求别离婚』中国""同妻"":丈夫都没看过我脱衣服的样子",狗狗岛,https://weibo.cn/u/5758705913,1,0,0,https://weibo.cn/comment/DqG3Lqmuq?uid=5758705913&rl=1#cmtfrm,2016-04-12,23:31:13,2016-04-12
":结婚的像结婚的一样同居,结婚的像没结婚的一样分居；动物像[瞌睡]人一样穿衣服，人像动物一样露着肉；小孩像大人一样成熟，大人像小孩一样幻稚；女人像男人一样爷们，男人像女人一样娘们；没钱的像有钱的一样装富，有钱的像没钱的一样装穷；情人像夫人一样四处招摇，夫人像情人一样深居简出。",贵族尐懶猫,https://weibo.cn/u/5794509164,0,0,0,https://weibo.cn/comment/DqG3D6vtJ?uid=5794509164&rl=1#cmtfrm,2016-04-12,23:30:53,2016-04-12
:【女子每天为化妆早起晚睡 初现素颜惊呆男友】为保持形象，同居3个月来刘女士每天都等男友睡了才卸妆，每天比男友早起十几分钟化妆。为让眼睛变得又大又美，单眼皮的她，每天坚持贴双眼皮贴。周日，原本应赖床的男友饿了起床找吃的，看到一张陌生的脸…,江淮晨报,https://weibo.cn/jhcb,17,4,3,https://weibo.cn/comment/DqG2SqGg1?uid=1856446532&rl=1#cmtfrm,2016-04-12,23:29:03,2016-04-12
:这么爱美整容啊//【小伙同居3月初见女友素颜被惊呆 引发冷战】 http://t.cn/RqxbCXk,罗烨35409,https://weibo.cn/u/5456654350,0,0,0,https://weibo.cn/comment/DqG2LDiTL?uid=5456654350&rl=1#cmtfrm,2016-04-12,23:28:47,2016-04-12
:哎前尘往事啊。。女主和总司。。我们同居啦！@Kime大号私用 @酷菜 @星野海斗 女方亲友@_tono @华胥千秋别千里 @得宝哥哥 男方亲友（和女方亲友）,胭脂刀_,https://weibo.cn/u/2931949942,3,8,2,https://weibo.cn/comment/DqG2n758Z?uid=2931949942&rl=1#cmtfrm,2016-04-12,23:27:48,2016-04-12
:女人，一[射手]旦进入到同居时代。她们的生活基本就被定格了。因为男人会在同居之后，再无丝毫危机感，失去了追逐的意愿，原形毕露。女人就会立马从云端降落下来，不再有精心安排的约会，也不再有那甜蜜的电话粥可煲。,雪莉淫生如戏,https://weibo.cn/u/5821821978,0,0,0,https://weibo.cn/comment/DqG26eLYV?uid=5821821978&rl=1#cmtfrm,2016-04-12,23:27:08,2016-04-12
:,Miss詹人笙随笔,https://weibo.cn/ZhanJiaZhanJingJing,2,0,2,https://weibo.cn/comment/DqPFvE6xe?uid=5790031087&rl=1#cmtfrm,2016-04-13,23:58:57,2016-04-13
:家住巴南区鱼洞乡的周泓旭是个骗子，去年十月我和他同居了，刚开始他骗我说他没结婚，后来无意中我知道他原来结婚了还有孩子，那时准备和他分手，但他哭着说他和他老婆没感情了，他说要离婚，最后我相信了他，今年三月七号他们离婚了，孩子由前妻带到九月份上学，但离婚期间他们一直有联系,用户5878965346,https://weibo.cn/u/5878965346,0,0,0,https://weibo.cn/comment/DqPDmlXDa?uid=5878965346&rl=1#cmtfrm,2016-04-13,23:53:39,2016-04-13
:@PeaceMinusone1 同居生活,伴你呀,https://weibo.cn/u/2487784630,5,0,14,https://weibo.cn/comment/DqPD87YPD?uid=2487784630&rl=1#cmtfrm,2016-04-13,23:53:05,2016-04-13
:#渭南新闻播报# 【,渭南媒体人小强,https://weibo.cn/u/1032988677,0,3,1,https://weibo.cn/comment/DqPAil1hv?uid=1032988677&rl=1#cmtfrm,2016-04-13,23:46:06,2016-04-13
:【,阳网微观察,https://weibo.cn/u/3985656714,0,0,0,https://weibo.cn/comment/DqPzfCIhb?uid=3985656714&rl=1#cmtfrm,2016-04-13,23:43:32,2016-04-13
:两个脾气各异性格不同的人，要相爱很容易但要生活在一起却很难。因为相爱只要在一起就可以，简单，而生活却现实到谁洗碗碟，琐碎；恋爱是和他的优点在一起，同居是和他的缺点生活在一起。要过一辈子，要有忍让有底线，忍让收获平和，底线是婚姻的约束。两个人都能做到底线之内的忍让，这才是终身的爱。,韦搂醒韦陪橡,https://weibo.cn/u/5895122731,0,0,0,https://weibo.cn/comment/DqPyXzjmZ?uid=5895122731&rl=1#cmtfrm,2016-04-13,23:42:49,2016-04-13
:室内小型生态园构建完毕,Kai梨,https://weibo.cn/u/1800833775,2,0,6,https://weibo.cn/comment/DqPwHxjjY?uid=1800833775&rl=1#cmtfrm,2016-04-13,23:37:15,2016-04-13
:每次看到争取婚姻平权的，就想是否应该考虑像法国那样法律保障非婚同居的伴侣关系？,五角场小YU,https://weibo.cn/u/2233407353,0,0,0,https://weibo.cn/comment/DqPvS8Blw?uid=2233407353&rl=1#cmtfrm,2016-04-13,23:35:12,2016-04-13
:换谁都受不了，男友的反应很正常//【同居3月男子初见女友素颜被吓呆 引爆冷战】 男子初见女友素颜被惊呆,用户5534685310,https://weibo.cn/u/5534685310,0,0,0,https://weibo.cn/comment/DqPvbzK15?uid=5534685310&rl=1#cmtfrm,2016-04-13,23:33:31,2016-04-13
:@三十老梆子 『【小户型必备】让小俩口同居一室的书房设计』http://t.cn/RGB37kz,lunancy,https://weibo.cn/u/1711229747,0,0,0,https://weibo.cn/comment/DqPu8BrMp?uid=1711229747&rl=1#cmtfrm,2016-04-13,23:30:55,2016-04-13
:k的动画看了几次都没看下去,爱作死的胆小星人,https://weibo.cn/procky12,0,0,3,https://weibo.cn/comment/DqPtLuzcZ?uid=2487256722&rl=1#cmtfrm,2016-04-13,23:30:00,2016-04-13
:竟然是年番啊，我本来还以为又是季番，看来有得看了 //【《双星阴阳师》第2话先行图公布 男女主同居生活开始】《双星阴阳师》第2话先行图公布 男女主同居生活开始 (分享自 #今日头条#),jayavira,https://weibo.cn/jayhips,0,0,0,https://weibo.cn/comment/DqPp3i8Fn?uid=2744330374&rl=1#cmtfrm,2016-04-13,23:18:24,2016-04-13
:小伙同居3月初见女友素颜被惊呆 有一种惊悚叫卸妆 （分享自 @凤凰视频） 小伙同居3月初见女友素颜被惊呆 有一种惊悚叫卸妆,啊飞雪的日子,https://weibo.cn/u/3605954877,0,0,0,https://weibo.cn/comment/DqPoOdetN?uid=3605954877&rl=1#cmtfrm,2016-04-13,23:17:47,2016-04-13
:真好,吃饱了就应该撑的,https://weibo.cn/312048666,0,0,0,https://weibo.cn/comment/DqZ5Uyldb?uid=1809697114&rl=1#cmtfrm,2016-04-14,23:58:43,2016-04-14
:分享@并读 ：【又一对姐弟恋！宋茜杨洋酒店同居恋情疑曝光】啧啧//当去年杨洋解约一事闹得沸沸扬扬之时，宋茜也回国发展，与杨洋携手共进同一家公司，成为同门师姐弟。自从2014年初，杨洋宋茜合拍年代戏《茧镇奇缘...又一对姐弟恋！宋茜杨洋酒店同居恋情疑曝光,Ail-Kerry,https://weibo.cn/u/3294834175,0,0,0,https://weibo.cn/comment/DqZ5E1UgT?uid=3294834175&rl=1#cmtfrm,2016-04-14,23:58:03,2016-04-14
:分享@并读 ：【又一对姐弟恋！宋茜杨洋酒店同居恋情疑曝光】当去年杨洋解约一事闹得沸沸扬扬之时，宋茜也回国发展，与杨洋携手共进同一家公司，成为同门师姐弟。自从2014年初，杨洋宋茜合拍年代戏《茧镇奇缘...又一对姐弟恋！宋茜杨洋酒店同居恋情疑曝光,Ail-Kerry,https://weibo.cn/u/3294834175,0,0,0,https://weibo.cn/comment/DqZ5xeRSh?uid=3294834175&rl=1#cmtfrm,2016-04-14,23:57:47,2016-04-14
:女孩谈恋爱，一定要干干脆脆。如相爱，咱们就奔着结婚去，约会、见朋友、去家里吃饭、一起存钱、长途旅行、同居、结婚。。。一系列事情应陆续去做，千万不要纠结某个点上好几年。常说，女孩不要用青春赌爱情，因为你赌不起。时间越长爱情越淡，青春越少。用青春赌爱情，输定了。,承蒙时光不弃的精彩,https://weibo.cn/u/5795353643,0,0,0,https://weibo.cn/comment/DqZ3Tei2e?uid=5795353643&rl=1#cmtfrm,2016-04-14,23:53:44,2016-04-14
:【【唐戈】肥唐说：同居3个月见女友素颜被吓傻 ，昆明多名城管围殴暴打老】 肥唐说：同居3个月见女友素颜被吓傻 ，昆明多名城管围殴暴打老,肥唐说,https://weibo.cn/tangge49,0,0,0,https://weibo.cn/comment/DqZ16634C?uid=2310663307&rl=1#cmtfrm,2016-04-14,23:46:51,2016-04-14
:【哪些星座喜欢婚前同居？】NO.1：天秤座--非常希望恋爱是两个人结伴同行的，同居对天秤座来说反而是精神释放；NO.2：天蝎座--喜欢同居，是因为强烈的占有欲；NO.3：双鱼座--既想黏住对方，又害怕自己表现不好；NO.4：双子座--因为无聊而寂寞，喜欢新鲜，喜欢有人一起。,乐哟哟yo,https://weibo.cn/u/3833566860,0,0,0,https://weibo.cn/comment/DqYZO4Hif?uid=3833566860&rl=1#cmtfrm,2016-04-14,23:43:40,2016-04-14
:杨洋和宋茜的恋情也成了“月经新闻”，去年下半年双方否认过恋情，今天再次被曝出两人在酒店同居一间房，但粉丝认为两人没有同框就不算实锤，而双方目前还没有回应→杨洋和宋茜的恋情也成了“月经新闻”！不过这次曝出酒店同住，你说该信吗？ 杨洋和宋茜因为拍戏结识，曾被粉丝扒到有很多同款，但两人一直说是好朋友的关系~所以两人疑似恋爱的新闻你信吗？,新浪娱乐,https://weibo.cn/entpaparazzi,4408,711,7560,https://weibo.cn/comment/DqYZfppOL?uid=1642591402&rl=1#cmtfrm,2016-04-14,23:42:18,2016-04-14
":《愿此刻永恒OVA》 01，一个是曾经热恋过的女孩,一个是现在的同居女友,“鸣海孝之”面临了一个影响3个人命运的交叉点…..他会何去何从呢？",Kevin5683佟衔川,https://weibo.cn/u/5804267470,0,0,0,https://weibo.cn/comment/DqYZcwdgS?uid=5804267470&rl=1#cmtfrm,2016-04-14,23:42:10,2016-04-14
:谁同居就是恋爱了 也可以是炮友啊,蒋小克啊,https://weibo.cn/u/3226127892,2,0,0,https://weibo.cn/comment/DqYZ3ncVq?uid=3226127892&rl=1#cmtfrm,2016-04-14,23:41:49,2016-04-14
:我在@华律网 解答了#华律法律咨询#“未婚同居8年，男方出钱为女方看不孕病多年无果，现男” 查看详情>>http://t.cn/Rq694WQ。【上网找律师，就上华律网 66Law.cn】,柳州律师覃家强,https://weibo.cn/gxqjq,0,0,0,https://weibo.cn/comment/DqYXBtSRS?uid=2344590063&rl=1#cmtfrm,2016-04-14,23:38:15,2016-04-14
:男人对婚姻的期望，往往都是厌烦了独自生活，倦鸟归巢。所以，同居时代简直是某些男人的福音。既可以享受家庭生活的感觉，而且还可以不去背上“婚姻”的枷锁和责任。,腐女冰风管理,https://weibo.cn/u/5375379440,0,0,0,https://weibo.cn/comment/DqYXwtM7w?uid=5375379440&rl=1#cmtfrm,2016-04-14,23:38:02,2016-04-14
:看到的那一瞬间只听到心碎的声音，如果你是和郑爽或胡冰卿我都能接受，如果是宋茜那么不好意思我以后再也不会关注你，再也不会看你的任何一部作品。谢谢。 // #天天快报# 《姐弟恋疑曝光！宋茜杨洋酒店同居多日》 宋茜杨洋姐弟恋疑曝光 同住酒店蜗居多日 http://t.cn/Rq69hzv,我爱的你19910909,https://weibo.cn/u/3219587903,4,0,0,https://weibo.cn/comment/DqYWnjxk5?uid=3219587903&rl=1#cmtfrm,2016-04-14,23:35:13,2016-04-14
:8件情侣同居后才知道的事！！不懂的快来看看这！http://t.cn/R4hnRSd,超天大圣k,https://weibo.cn/u/5771577556,0,0,0,https://weibo.cn/comment/DqYVU0AjW?uid=5771577556&rl=1#cmtfrm,2016-04-14,23:34:03,2016-04-14
":《愿此刻永恒OVA》 01，一个是曾经热恋过的女孩,一个是现在的同居女友,“鸣海孝之”面临了一个影响3个人命运的交叉点…..他会何[爱心传递]去何从呢？",祁夜决祁开临,https://weibo.cn/u/5881740529,0,0,0,https://weibo.cn/comment/DqYVO8DP4?uid=5881740529&rl=1#cmtfrm,2016-04-14,23:33:49,2016-04-14
:怦然心动,懒懒的麒麟,https://weibo.cn/201266560,0,0,0,https://weibo.cn/comment/Dr8vp3aKV?uid=1862415562&rl=1#cmtfrm,2016-04-15,23:56:14,2016-04-15
:好在当年听我爸的说这男的心机重，没有同意它的求婚，它怀恨在心立刻找下家听说入赘倒插门捡皂起家的毅妓家了，不过捡皂毅怀串儿期间出轨多次，出差时候更是异地同居就没断过，不惹我就不给你抖出来，还改成我的狗郝国嗷的名字举报我，侮辱我们的曾经,830605屌饲的李毅bitch,https://weibo.cn/100290605,0,0,0,https://weibo.cn/comment/Dr8vhpi1s?uid=1822021703&rl=1#cmtfrm,2016-04-15,23:55:56,2016-04-15
:【英国男子遭同居17年中国女友肢解杀害】 英国男子遭同居17年中国女友肢解杀害,被淹死的鱼zx,https://weibo.cn/u/5886618143,0,0,0,https://weibo.cn/comment/Dr8uu0QQY?uid=5886618143&rl=1#cmtfrm,2016-04-15,23:53:57,2016-04-15
:杨洋宋茜疑似升级同居炮友 感情升温姐弟恋情坐实——聚财网 - 杨洋宋茜疑似升级同居，姐弟恋情被坐实。4月13日，记者目击到宋茜杨洋现身同一公寓，恋情疑似已升级。13日深夜参加完活动的宋茜乘车来到活动主办方安排的酒店，不过她并未在此下榻，不久后步出酒店再次... http://t.cn/RqX3uab,聚财官网,https://weibo.cn/91jucai,0,0,0,https://weibo.cn/comment/Dr8ulq33W?uid=2608920180&rl=1#cmtfrm,2016-04-15,23:53:38,2016-04-15
:我一哥们跟女友认识快三年了，同居两年了，然后今年五月十四结婚日子都定了，愚人节那天女友跟人跑了，操 我哥们是个大暖男，为嘛受伤的总是老实人,独爱葱姜蒜,https://weibo.cn/u/1953826563,0,0,11,https://weibo.cn/comment/Dr8tz18T8?uid=1953826563&rl=1#cmtfrm,2016-04-15,23:51:42,2016-04-15
:两个脾气各异性格不同的人，要相爱很容易但要生活在一起却很难。因为相爱只要在一起就可以，简单，而生活却现实到谁洗碗碟，琐碎；恋爱是和他的优点在一起，同居是和他的缺点生活在一起。要过一辈子，要有忍让有底线，忍让收获平和，底线是婚姻的约束。两个人都能做到底线之内的忍让，这才是终身的爱。,Garfield_gao1019如宇菁,https://weibo.cn/u/3889708603,0,0,0,https://weibo.cn/comment/Dr8sTjZRZ?uid=3889708603&rl=1#cmtfrm,2016-04-15,23:50:03,2016-04-15
:【史上最憋屈的死法：被女友一屁股坐死】在美国的俄亥俄州克利夫兰市，30多岁的米娅和男友米卡尔同居，米娅重136公斤，米卡尔体重只有54.4公斤。去年8月，两人吵架，米娅一怒之下把身子移到坐在沙发上的男友面前，使劲一屁股坐下去。等米娅起身的时候，她再也听不见男友的声音,仲慈家齐,https://weibo.cn/u/5890891182,0,0,0,https://weibo.cn/comment/Dr8sTi6or?uid=5890891182&rl=1#cmtfrm,2016-04-15,23:50:03,2016-04-15
:#杨洋宋茜# 昨天，杨洋和宋茜的“同居偷拍照”爆出，持续两天从狗仔大战上演到脱粉大戏，还给杨洋的某代言带来了意想不到的公关危机。这背后到底有多少方在过招，深八君一时也不太清楚，但那跌宕起伏的剧情，已经够嗑包瓜子啃包辣条下酒的了，实在忍不住好笑 杨洋拍个拖，妹子们就要扔娇兰？！他会重蹈福山雅治的覆辙吗？,东邪西媚,https://weibo.cn/u/5628495345,149,50,83,https://weibo.cn/comment/Dr8qZq1er?uid=5628495345&rl=1#cmtfrm,2016-04-15,23:45:22,2016-04-15
:【the lover】【韩剧】E1~E12合集【俊在 X拓哉】纯洁同居故事【 cut 】持续更新188cp UP主: 柳七爷Blackinn #哔哩哔哩动画# 卧槽卧槽这个好萌啊啊啊啊俊在帅的我啊啊啊啊啊啊@_颜Liang辰_ @渣爷White 这对好萌啊啊啊啊～～！！快去看！！俊在好帅！！！ http://t.cn/RUWmSPh,大杯二锅头加波霸,https://weibo.cn/u/5176035134,5,2,2,https://weibo.cn/comment/Dr8qydevU?uid=5176035134&rl=1#cmtfrm,2016-04-15,23:44:17,2016-04-15
:女儿的这句话，让阿珍确信结婚10年的丈夫周某已另结新欢男子背弃发妻与新欢同居生子 被女儿曝光 http://t.cn/RqX3tui,茶蘼花夏,https://weibo.cn/u/5820150275,0,0,0,https://weibo.cn/comment/Dr8pVevFb?uid=5820150275&rl=1#cmtfrm,2016-04-15,23:42:43,2016-04-15
:她，12岁殴打老师被开除；17岁嫁给富二代裴明伦；18岁追求二任丈夫俞启威；20岁为献身艺术为刘海粟做裸模；21岁闯荡电影圈，22岁与演员唐纳结婚，又离家与导演章泯同居，并以母亲名义写信骗唐纳说自己脑膜炎身亡，唐纳伤心自杀未遂；她23岁独闯延安，献身革命。,唐临晋帖微博,https://weibo.cn/tanglinjintian,0,0,0,https://weibo.cn/comment/Dr8nMiR05?uid=2799742551&rl=1#cmtfrm,2016-04-15,23:37:27,2016-04-15
:【星座如何看婚前同居】白羊一道美丽的风,森已巨井,https://weibo.cn/u/5337209638,0,0,0,https://weibo.cn/comment/Dr8mO1KaZ?uid=5337209638&rl=1#cmtfrm,2016-04-15,23:35:03,2016-04-15
:“同居”两年后 民校“鸠占鹊巢”逼迁公校?:“同居”两年后 民校“鸠占鹊巢”逼迁公校?,resailan,https://weibo.cn/u/1179749474,0,0,0,https://weibo.cn/comment/Dr8jop8BS?uid=1179749474&rl=1#cmtfrm,2016-04-15,23:26:39,2016-04-15
:知不知道这世界上最惨的是什么？是你发现没人需要你。---临时同居,宋者驰宋,https://weibo.cn/u/5892214926,0,0,0,https://weibo.cn/comment/Dr8ijmfLg?uid=5892214926&rl=1#cmtfrm,2016-04-15,23:23:59,2016-04-15
:刷到彭于晏和舒淇老是微博互动，我洋和宋茜的同居消息还在传，我的心啊真是伤透了。。。。。。。王俊凯可千万不能早恋啊,冲鸭鸭小橘子,https://weibo.cn/u/2135194261,19,0,11,https://weibo.cn/comment/DrhXopkx5?uid=2135194261&rl=1#cmtfrm,2016-04-16,23:59:55,2016-04-16
:有些人谈恋爱五年十年，以为总会结婚。可惜恋爱时间越长，结婚可能性就越小。因为恋爱时间短，男人对你的需求越强烈，越想把你绑身边结婚。而超过五年的恋爱同居，对男人而言，结婚能得到的都得到了，还不如去尝试新鲜女人。所以，超过三年的恋爱，不结婚就分手。男人拖得起，你拖不起。,大中长红魔法袋,https://weibo.cn/u/5581730911,0,0,0,https://weibo.cn/comment/DrhWYme22?uid=5581730911&rl=1#cmtfrm,2016-04-16,23:58:54,2016-04-16
":没结婚的像结婚的一样同居,结婚的像没结婚的一样分居；动物像人一样穿衣服，人像动物一样露着肉；小孩像大人一样成熟，大人像小孩一样幼稚；女人像男人一样爷们，男人像女人一样娘们；没钱的像有钱的一样装富，有钱的像没钱的一样装穷；情人像夫人一样四处招摇，夫人像情人一样深居简出。。。（转）",气沉神凝,https://weibo.cn/zhychco,1,0,0,https://weibo.cn/comment/DrhVUbfyp?uid=1404864051&rl=1#cmtfrm,2016-04-16,23:56:14,2016-04-16
:女孩谈恋爱，一定要干干脆脆。如相爱，咱们就奔着结婚去，约会、见朋友、去家里吃饭、一起存钱、长途旅行、同居、结婚。。。一系列事情应陆续去做，千万不要纠结某个点上好几年。常说，女孩不要用青春赌爱情，因为你赌不起。时间越长爱情越淡，青春越少。用青春赌爱情，输定了。,灬没心没肺的活着酷酷的,https://weibo.cn/u/5581832076,0,0,0,https://weibo.cn/comment/DrhVylgcN?uid=5581832076&rl=1#cmtfrm,2016-04-16,23:55:22,2016-04-16
:女孩谈恋爱，一定要干干脆脆。如相爱，咱们就奔着结婚去，约会、见朋友、去家里吃饭、一起存钱、长途旅行、同居、结婚。。。一系列事情应陆续去做，千万不要纠结某个点上好几年。常说，女孩不要用青春赌爱情，因为你赌不起。时间越长爱情越淡，青春越少。用青春赌爱情，输定了。,大卫MistletoeBbieber,https://weibo.cn/u/5581493880,0,0,0,https://weibo.cn/comment/DrhV5kJmv?uid=5581493880&rl=1#cmtfrm,2016-04-16,23:54:14,2016-04-16
:当年我妈的五姨跟我妈说过“男孩女孩”店是姜涛开的，那时我就虚拟出姜胖子的形象，2008年在我家里老搅屎棍说姜涛的老婆在福州南路金融中心中国银行山东省分行2楼工作是领导主任自己带孩子上学姜涛在北京不顾家2011年姜涛离婚了还和老婆关系很好同居，我把早期我虚拟的姜胖子接到老搅屎棍介绍的姜涛这,吾鳞懵箸V,https://weibo.cn/u/2531487391,0,0,0,https://weibo.cn/comment/DrhUc6dP2?uid=2531487391&rl=1#cmtfrm,2016-04-16,23:52:02,2016-04-16
:【厦门一#男子分手要求退彩礼# 相识一周花20万订婚】#厦门身边事#两个年轻人相识一周就订婚，男方为结婚花20.5万。两人虽同居，女方也怀孕，但没领结婚证。后来胎儿不幸流产，双方闹矛盾分手。男方认为自己受到严重伤害，起诉要求女方退彩礼。思明区法院家事法庭对此案作一审判决。,播报厦门,https://weibo.cn/xmg0592,0,0,0,https://weibo.cn/comment/DrhQyoH4E?uid=5461967262&rl=1#cmtfrm,2016-04-16,23:43:04,2016-04-16
:好基友：老虎狮子熊和睦同居15年 http://t.cn/RqaBDnf,宇宙天神组长,https://weibo.cn/u/5261704195,0,0,0,https://weibo.cn/comment/DrhOVzyqt?uid=5261704195&rl=1#cmtfrm,2016-04-16,23:39:04,2016-04-16
:她和他在一起没多久便开始同居，很多朋友不看好他们的感情。后来，身边情比金坚的例子分手，经历过爱情长跑反而离了婚，倒是他们一直相濡以沫。朋友问她有没有什么秘诀，她笑笑，不过是对彼此负责而已。,文雅雷神,https://weibo.cn/u/5726780808,0,0,0,https://weibo.cn/comment/DrhOVhVjn?uid=5726780808&rl=1#cmtfrm,2016-04-16,23:39:03,2016-04-16
:女孩谈恋爱，一定要干干脆脆。如相爱，咱们就奔着结婚去，约会、见朋友、去家里吃饭、一起存钱、长途旅行、同居、结婚。。。一系列事情应陆续去做，千万不要纠结某个点上好几年。常说，女孩不要用青春赌爱情，因为你赌不起。时间越长爱情越淡，青春越少。用青春赌爱情，输定了。,偏执的爱_61802,https://weibo.cn/u/5795331963,0,0,0,https://weibo.cn/comment/DrhNIdUUO?uid=5795331963&rl=1#cmtfrm,2016-04-16,23:36:04,2016-04-16
:白羊座敢,茅草小屋520,https://weibo.cn/u/5822462759,0,0,0,https://weibo.cn/comment/DrhMT6sOy?uid=5822462759&rl=1#cmtfrm,2016-04-16,23:34:03,2016-04-16
:女孩谈恋爱，一定要干干脆脆。如相爱，咱们就奔着结婚去，约会、见朋友、去家里吃饭、一起存钱、长途旅行、同居、结婚。。。一系列事情应陆续去做，千万不要纠结某个点上好几年。常说，女孩不要用青春赌爱情，因为你赌不起。时间越长爱情越淡，青春越少。用青春赌爱情，输定了。,神秘贾艾露,https://weibo.cn/u/3978520633,0,0,0,https://weibo.cn/comment/DrhMQsqJi?uid=3978520633&rl=1#cmtfrm,2016-04-16,23:33:56,2016-04-16
:这社会，女的照相照胸，男的照相照车，谁知道胸是不是挤的，车是不是你的。这年头，有纹身的都怕热，用苹果的都没兜，带手表的爱拍腿，镶金牙的爱咧嘴。现如今，没结婚的像结婚的一样同居，结婚的像没结婚的一样分居。动物像人一样穿衣服，人像动物一样露着肉。,酸甜苦辣97318,https://weibo.cn/u/5900838510,0,0,0,https://weibo.cn/comment/DrhKogOhD?uid=5900838510&rl=1#cmtfrm,2016-04-16,23:27:53,2016-04-16
:【史上最憋屈的死法：被女友一屁股坐死】在美国的俄亥俄州克利夫兰市，30多岁的米娅和男友米卡尔同居，米娅重136公斤，米卡尔体重只有54.4公斤。去年8月，两人吵架，米娅一怒之下把身子移到坐在沙发上的男友面前，使劲一屁股坐下去。等米娅起身的时候，她再也听不见男友的声音,玉木斯素,https://weibo.cn/u/5325349479,0,0,0,https://weibo.cn/comment/DrhK7pyTQ?uid=5325349479&rl=1#cmtfrm,2016-04-16,23:27:13,2016-04-16
:你如果是爱一个人，那么你千万是不要去与他同居或是结婚。维持一个辽阔的距离，偶遇，可以爱慕的目光致敬，轻俏温柔，不着边际地问：“好吗？”一年一次已经足够。,梦想家断了的风筝,https://weibo.cn/u/5795429041,0,0,0,https://weibo.cn/comment/Drrl7w2id?uid=5795429041&rl=1#cmtfrm,2016-04-17,23:53:06,2016-04-17
:帅的让人眼红 //2012年05月15日同居，2012年08月27日出柜，2013年07月23日订婚，201... http://t.cn/RqSYUnj (分享自 @内涵段子),瞌睡男Zzzz,https://weibo.cn/u/3625226857,0,0,0,https://weibo.cn/comment/DrrivChyQ?uid=3625226857&rl=1#cmtfrm,2016-04-17,23:46:40,2016-04-17
:自从老刘和对象同居二个月 现在老刘晚上穿着毛衣睡 啧啧,我有一头美丽的头发,https://weibo.cn/u/2813057791,1,0,1,https://weibo.cn/comment/DrrhIjYIM?uid=2813057791&rl=1#cmtfrm,2016-04-17,23:44:41,2016-04-17
:谢谢姬姐@姬小媛 帮我搬行李～俩人忙了一天，总算能休息了～我们开始‘同居’啦～,Syishangh,https://weibo.cn/u/3191201532,2,0,2,https://weibo.cn/comment/DrrgrmYsN?uid=3191201532&rl=1#cmtfrm,2016-04-17,23:41:34,2016-04-17
":我问爸爸：如果有人说我绿茶婊，你会不会不开心啊？
爸爸沉思片刻，好奇地问：绿茶婊？哪个牌子的表？

今天的冷笑话（囧事）由这几天的同居美女师妹圈妹@张小雷Shorley 特约放送",环市东十二妹,https://weibo.cn/windy0823,21,0,12,https://weibo.cn/comment/Drrggakpb?uid=1511705710&rl=1#cmtfrm,2016-04-17,23:41:07,2016-04-17
:#兴趣部落#【做什么都不能着相】阿弥陀佛就更不必说了，阿弥陀佛讲经说法的对象四土三辈九品，同居土里面天、人，有天道、人道的，方便土里 http://t.cn/RqSgErh,智言71880,https://weibo.cn/u/5436578633,0,0,0,https://weibo.cn/comment/DrreRkmKD?uid=5436578633&rl=1#cmtfrm,2016-04-17,23:37:40,2016-04-17
:上帝是公平的..... //2012年05月15日同居，2012年08月27日出柜，2013年07月23日订... http://t.cn/RqSYUnj (分享自 @内涵段子),邱晨2349941393,https://weibo.cn/u/2349941393,0,0,0,https://weibo.cn/comment/DrreHuzir?uid=2349941393&rl=1#cmtfrm,2016-04-17,23:37:17,2016-04-17
:我们现在每个80后的都是任性的，我些朋友冲着结婚去，没有同居，相处就话结婚了，然后说边结婚边相处，觉得自己结婚完成任务～谁知男的对她可有可无～男的话题也少了……根本不想和她沟通…这辈子真的这样过吗？觉得辛苦吗？前晚跟我讲想天天开心都甘难，我说都是你自己问题，爱得冲动…慢慢收拾残酷局,kadmtmgamtn,https://weibo.cn/u/1763099364,0,0,4,https://weibo.cn/comment/DrreFclk3?uid=1763099364&rl=1#cmtfrm,2016-04-17,23:37:11,2016-04-17
:人是用来谈恋爱的，房子是用来同居一起睡的，有了人有了房子才可以结婚呐。,太皇太后您有喜啦,https://weibo.cn/u/1949112803,61,3,1,https://weibo.cn/comment/DrrejCCDD?uid=1949112803&rl=1#cmtfrm,2016-04-17,23:36:20,2016-04-17
:#弃文#《同居那点事儿》魏小五。文笔差，发展也太快，根本没发展…看不下去弃了。,深巷明朝买杏花,https://weibo.cn/u/5857866244,0,0,0,https://weibo.cn/comment/DrrdGkRxC?uid=5857866244&rl=1#cmtfrm,2016-04-17,23:34:46,2016-04-17
:谁给拍的 //2012年05月15日同居，2012年08月27日出柜，2013年07月23日订婚，2016年... http://t.cn/RqSYUnj (分享自 @内涵段子),漾漾_23377,https://weibo.cn/u/5583792221,0,0,0,https://weibo.cn/comment/DrrdG0XlH?uid=5583792221&rl=1#cmtfrm,2016-04-17,23:34:45,2016-04-17
:我只注意到表姐夫是你同居对象，这关系好迷『他不是渣男，他也只是一个少年』他不是渣男，他也只是一个少年,执着有点懒的强迫症EDM,https://weibo.cn/wubeihua,0,0,0,https://weibo.cn/comment/DrrdFFAKR?uid=2298991940&rl=1#cmtfrm,2016-04-17,23:34:45,2016-04-17
:晚安。我要睡觉了。也需要好好想想。是对杨洋粉转路还是艾特上宋茜呢？#杨洋宋茜疑同居#,ZH妆后向日葵琪琪icon,https://weibo.cn/u/5886173485,0,0,0,https://weibo.cn/comment/DrrcNATWg?uid=5886173485&rl=1#cmtfrm,2016-04-17,23:32:36,2016-04-17
:恐怖 //【男子竟与鳄鱼同居，还跟它打牌看电视，鳄鱼的反应是这样的！】男子竟与鳄鱼同居，还跟它打牌看电视，鳄鱼的反应是这样的！ (分享自 #今日头条#),莫奇怪哈,https://weibo.cn/u/5087817903,0,0,0,https://weibo.cn/comment/DrrczrUYa?uid=5087817903&rl=1#cmtfrm,2016-04-17,23:32:02,2016-04-17
:我和女友同居五年，她和我分手了，我想挽回该怎么做啊？,张平JKD,https://weibo.cn/zpingjeetkunedo,0,0,13,https://weibo.cn/comment/DrrbKiscj?uid=2909687207&rl=1#cmtfrm,2016-04-17,23:30:01,2016-04-17
:#峨眉山猴子抢手机# 朝5晚9～帅气和尚恋上我 这集的幻想亲亲，吃醋，被女主接受和住持位置被抢，还有下集的同居。配一脸 ps：新剧 OhMyVenus,韶戒胀韶,https://weibo.cn/u/5874461388,0,0,0,https://weibo.cn/comment/Drr8iq7tF?uid=5874461388&rl=1#cmtfrm,2016-04-17,23:21:30,2016-04-17
:七十多岁的老头通过中介所找了一位五十多岁的保姆。老头一见，干净又漂亮，心花怒放，便道：“脱裤子上床吧。”保姆一听，吓了一跳，问道：“怎么回事？”老头说道：“中介没跟你说吗？我找的是同居保姆。”保姆羞红了脸说：“那也太快了点吧？”老头说：“你看我这岁数，有多余的时间跟你谈感情吗,小芳9断水58003,https://weibo.cn/u/5829139431,0,0,0,https://weibo.cn/comment/DrAOg5Qki?uid=5829139431&rl=1#cmtfrm,2016-04-18,23:59:36,2016-04-18
:#减肥排毒##益七瘦酵素果冻##美容减肥##杨洋宋茜疑同居# 有了益七瘦。晚上吃再多夜宵也不怕胖了,kk箐,https://weibo.cn/u/2755466770,0,0,0,https://weibo.cn/comment/DrAJVvUEl?uid=2755466770&rl=1#cmtfrm,2016-04-18,23:48:56,2016-04-18
:#胆量女神Angelababy# 杜海涛沈梦辰同居 继各种恋情曝光后，告诉我们一个道理：记得拉窗帘,戎句茂戎,https://weibo.cn/u/5863979304,0,1,0,https://weibo.cn/comment/DrAJxzZI3?uid=5863979304&rl=1#cmtfrm,2016-04-18,23:47:59,2016-04-18
:哥@爱啃梨的星际碎片 小兔@沈肯尼_London 今天是你们同居的第1434天，宣布订婚的第1330天，订婚的第1000天，宣布结婚的第67天，同时也是我爱你们的第210天。你们是我永远都不会放弃的梦，是我追求梦想的启明星，知道未来有你们真好@沈肯尼_London @爱啃梨的星际碎片,QKYML,https://weibo.cn/u/5265088431,0,0,2,https://weibo.cn/comment/DrAH1i0ma?uid=5265088431&rl=1#cmtfrm,2016-04-18,23:41:46,2016-04-18
:已经到啦~~房子很好，还有一台老钢琴，沙发上是我今天的同居对象。。。。它反正不想走了。。。。 法国,YuanJ0,https://weibo.cn/u/2270595194,1,0,0,https://weibo.cn/comment/DrAG7731U?uid=2270595194&rl=1#cmtfrm,2016-04-18,23:39:32,2016-04-18
":小伙为阻止同居女友看《太阳的后羿》，蹲厕所用手机开""抢网神器""。 网友神回复：不能让你丫闭嘴，可以让你丫闭网… 本博主大人 踏遍众APP商店 终于翻到此神器 不谢！ http://t.cn/RqSOJXn",吐槽师兄,https://weibo.cn/577110237,1,0,0,https://weibo.cn/comment/DrAEH3fBR?uid=3065154351&rl=1#cmtfrm,2016-04-18,23:36:02,2016-04-18
:【星座如何看婚前同居】白羊一道美丽的风景，金牛爱是一种责任，双子像风一样的爱情，巨蟹期待结果的爱，狮子爱与生俱来的权力，处女爱情的桃花源，天秤拿得起放得下，天蝎绝对的忠贞，射手好聚好散，摩羯速战速决，水瓶收放自如，双鱼浪漫主义者。,昌胃倘昌,https://weibo.cn/u/5857152078,0,0,0,https://weibo.cn/comment/DrABPrn8T?uid=5857152078&rl=1#cmtfrm,2016-04-18,23:28:59,2016-04-18
:现在男人娶到一个老婆的成本太低了。一个女人再自信，也是架不住许多的同类，可以为着不付房租就早早的与一个男人同居。一个女人再自信，也架不住更年轻更漂亮的同类，为着一套房一部车就把自己嫁了。,帝王归朝的小窝,https://weibo.cn/u/5305445741,0,0,0,https://weibo.cn/comment/DrAz4EKKG?uid=5305445741&rl=1#cmtfrm,2016-04-18,23:22:11,2016-04-18
:【12星座爱情专属特征】白羊：爱恨分明；金牛：喜欢竞争；双子：任性玩世不恭；巨蟹：比对方付出更多；狮子：喜欢和几个人同时恋爱；处女：不欺骗伴侣；天秤：喜欢和帅哥美女恋爱；天蝎：对方性感就会死心塌地；射手：最喜欢同居；摩羯：喜欢有结婚意愿异性；水瓶：只要有感觉；双鱼：一恋爱忘记,等待只为唯一,https://weibo.cn/u/2932509955,0,0,0,https://weibo.cn/comment/DrAxBCEVJ?uid=2932509955&rl=1#cmtfrm,2016-04-18,23:18:35,2016-04-18
:昨天看的也是，受年轻时喜欢渣攻，同居多年渣攻说我只是玩玩，受心灰意冷离开。创业过程中渐渐被一起共患难的老板攻A感动。但受哥哥说，不急，且等三年！结果老板没过2年就找了长得特像受的小明星B滚在了一起……受想好吧，那就这样吧，我想静静。但AB并没有放过受。,然印SHHH,https://weibo.cn/tianlelu,0,0,0,https://weibo.cn/comment/DrAxseols?uid=2102836115&rl=1#cmtfrm,2016-04-18,23:18:12,2016-04-18
:同居3个月，他才第一次见到女友素颜，直接吓懵！女友见状直接...【同居3个月，他才第一次见到女友素颜，直接吓懵！女友见状直接...】（分享自100赚 http://t.cn/RqKPNmN）,Hold_LNG,https://weibo.cn/u/2399580411,0,0,0,https://weibo.cn/comment/DrAx8pqXr?uid=2399580411&rl=1#cmtfrm,2016-04-18,23:17:24,2016-04-18
:#晚安，交工# 不要徇私情以妨害同居的大义，不要怠慢懒而荒废你的事情，不要放纵奢侈受到上天的惩罚，不要横生是非而扰乱家门的清静，不要沉溺酒色而乱了你的本性。from 《郑氏家规》（照片来自杭新景10标-朱佳棋）,交工钱潮橙色军团,https://weibo.cn/u/5684820807,0,0,0,https://weibo.cn/comment/DrAwKbLWW?uid=5684820807&rl=1#cmtfrm,2016-04-18,23:16:27,2016-04-18
:【星座如何看婚前同居】白羊一道美丽的风景，金牛爱是一种责任，双子像风一样的爱情，巨蟹期待结果的爱，狮子爱与生俱来的权力，处女爱情的桃花源，天秤拿得起放得下，天蝎绝对的忠贞，射手好聚好散，摩羯速战速决，水瓶收放自如，双鱼浪漫主义者。,筱轩阁里的刘淦轩霄明根,https://weibo.cn/u/5376661896,0,0,0,https://weibo.cn/comment/DrAvx7oe9?uid=5376661896&rl=1#cmtfrm,2016-04-18,23:13:28,2016-04-18
":给大家分享""[BIGBANG短剧]BigBang的秘密同居女_标清.flv""，快来看看吧~http://t.cn/RqKP5Fy重新看一次哈哈😄",小胖胖青青,https://weibo.cn/u/5179599138,0,0,0,https://weibo.cn/comment/DrAuvBBYz?uid=5179599138&rl=1#cmtfrm,2016-04-18,23:10:57,2016-04-18
:同桌：同桌是考试时的救星，睡觉时的警卫，生病时的仆人还有，同桌常常是最好的朋友，患难与共的盟友，可以靠着你哭泣、倾诉，听你诉说的人。学校生活中，距离你最近的人。同桌之间有竞争，帮助。同桌是必不可少的。同桌：同居在桌上！同桌：与你相邻的座位上所坐的人。,太叔辅亚络捕,https://weibo.cn/u/5889296151,0,0,0,https://weibo.cn/comment/DrAtDcXk0?uid=5889296151&rl=1#cmtfrm,2016-04-18,23:08:47,2016-04-18
:看评论真是懵了～～现今还有给江青平反叫屈的人～～～一个三流电影演员，几段婚姻，同居只是为了攀高枝儿～～～为了达到个人的欲望一直是在表演的人～～还有给她叫屈～～～,淘猫咪的乔巴,https://weibo.cn/gangbengerjoy,1,0,3,https://weibo.cn/comment/DrArWC9DW?uid=1682180671&rl=1#cmtfrm,2016-04-18,23:04:38,2016-04-18
:,塔罗占星师子桐姐姐_,https://weibo.cn/u/2204056682,0,0,0,https://weibo.cn/comment/DrArjDjVk?uid=2204056682&rl=1#cmtfrm,2016-04-18,23:03:05,2016-04-18
:千万别让男人太有安全感。有些女孩在恋爱同居后，变得蓬头垢脸黄脸婆，以为肯定能嫁。但实际上，你让男人越有安全感，他对你越无所谓，就不会在乎你，爱情就变少，分手概率变大。所以别让男人有安全感，你要更漂亮，要常和朋友去玩，要继续有追求者，要能收到礼物和花。有人抢的女人才值钱。,A心田老师,https://weibo.cn/234866586,0,0,0,https://weibo.cn/comment/DrAr7dRlI?uid=1803135755&rl=1#cmtfrm,2016-04-18,23:02:34,2016-04-18
:【史上最,树木捷飞,https://weibo.cn/u/5771792490,0,0,0,https://weibo.cn/comment/DrKd9ELn0?uid=5771792490&rl=1#cmtfrm,2016-04-19,23:55:40,2016-04-19
:【星座如何看婚前同居】白羊一道美丽的风景，金牛爱是一种责任，双子像风一样的爱情，巨蟹期待结,沛_j,https://weibo.cn/235317789,0,0,0,https://weibo.cn/comment/DrKbzydK1?uid=2356573132&rl=1#cmtfrm,2016-04-19,23:51:46,2016-04-19
:【星座如何看婚前同居】白羊一道美丽的风景，金牛爱是一种责任，双子像风一样的爱情，巨蟹期待结果的爱，狮子爱与生俱来的权力，处女爱情的桃花源，天秤拿得起放得下，天蝎绝对的忠贞，射手好聚好散，摩羯速战速决，水瓶收放自如，双鱼浪漫主义者。,肥肉欧尼_MQ,https://weibo.cn/u/5509834672,0,0,0,https://weibo.cn/comment/DrKaMxY7h?uid=5509834672&rl=1#cmtfrm,2016-04-19,23:49:49,2016-04-19
:今日恐影推荐：《陀地驱魔人》Keeper Of Darkness（香港）；黄永发是生活在旺角一带的驱鬼大师。他不用符，不用咒，只用一张嘴，不但能看见鬼魂，与之沟通谈判，更能看到鬼魂死前的痛苦经历。女记者紫宁为探求驱鬼相关的新闻，不过，她在调查黄永发身世时，竟发现发仔与一女鬼同居……😱😱,Jiro-小宇,https://weibo.cn/u/1833744140,2,0,0,https://weibo.cn/comment/DrKagk5rF?uid=1833744140&rl=1#cmtfrm,2016-04-19,23:48:32,2016-04-19
:被指有望结婚的伊势谷友介和长泽雅美一年前已经分手，目前伊势谷友介正与小他16岁的人气模特森星半同居中。 曝伊势谷友介与长泽雅美分手,浩浩哥哥会飞,https://weibo.cn/u/3290243431,2,0,0,https://weibo.cn/comment/DrK6Ph00e?uid=3290243431&rl=1#cmtfrm,2016-04-19,23:40:04,2016-04-19
:没想到，过了5年多的独居生活后，又要开始“同居”的日子了。回头想，这几年来貌似没什么变化，一直住宿舍，一直吃食堂，一直跑通情，原地踏步、周而复始，甚至每况愈下？如何是好？,示其飞扬,https://weibo.cn/u/1839514492,0,0,0,https://weibo.cn/comment/DrK61jbk9?uid=1839514492&rl=1#cmtfrm,2016-04-19,23:38:05,2016-04-19
:“诶你上周五心脏不舒服是因为yy同居吗？”“喂不要往别人心口撒盐啦”我......周四就开始不舒服了啊....“哦那你是哭了一晚上所以请假吗？”“你们是不是不喜欢那个女的啊？”！我.....不care好吗.....“我懂的！哎呀偶像谈恋爱很正常啊不用太伤心。”我.....真是强行伤心....你说为什么要在周五病呢,贩了明月买清风,https://weibo.cn/u/5592044335,0,0,0,https://weibo.cn/comment/DrK4FnKn7?uid=5592044335&rl=1#cmtfrm,2016-04-19,23:34:44,2016-04-19
:看了个成员们的短剧，吓死爸爸了😭😭（和BIGBANG同居的神秘女人）心疼wuli小胜,艾薇_古拉,https://weibo.cn/u/5118393136,0,0,0,https://weibo.cn/comment/DrK2Ig8qy?uid=5118393136&rl=1#cmtfrm,2016-04-19,23:29:56,2016-04-19
:【陕西咸阳男子锤击同居女友 逃回老家喝农药自杀】18日下午，咸阳发生一起恶性事件，男子用榔头锤击女友后服毒自杀，目前仍在抢救中，女子受伤较轻。据了解，双方为同居关系，女子离异后与男子同居，最近两人吵架闹分手。事发当天，男子用榔头猛砸女子头部后，跑到附近一山上喝农药。http://t.cn/RqKMA1z,铁肩侠系,https://weibo.cn/zgxdxf,1,2,0,https://weibo.cn/comment/DrK2Dxyoq?uid=3772527774&rl=1#cmtfrm,2016-04-19,23:29:45,2016-04-19
:重温了一下F班的袁湘琴和A班的江直树的的“同居”生活，才发现小时候看剧真的too young too simple，现在才知道原来哥哥很早很早就已经喜欢上笨蛋湘琴了啦。这个眼神，还傲娇,恋上碎碎念讷,https://weibo.cn/u/5295001953,3,0,2,https://weibo.cn/comment/DrK2wbH5F?uid=5295001953&rl=1#cmtfrm,2016-04-19,23:29:26,2016-04-19
:突然想到一个严肃的问题⋯⋯w游戏同居的话，谁做家务！？【不要笑我是认真的！#哈哈哈哈哈哈哈哈哈哈哈哈哈哈艹笑的停不下来#,极乐满月的兔子白,https://weibo.cn/u/3897409753,0,0,3,https://weibo.cn/comment/DrK0zi3tc?uid=3897409753&rl=1#cmtfrm,2016-04-19,23:24:39,2016-04-19
:哎~喜好的人有女朋友了~虽然我一直以为他是个gay~但是不小心看到他屏保和女友的照片~,熙熙酱cici,https://weibo.cn/u/1490094683,0,0,9,https://weibo.cn/comment/DrJXunkmA?uid=1490094683&rl=1#cmtfrm,2016-04-19,23:17:04,2016-04-19
:我和男朋友在一起10个月 同居了5个月左右 为他打过 前几天联系我以为是前女友才知道他原来一直没有离婚 他老婆也知道我上面说的那些了 起诉离婚 我前任过错方 可能什么都不会留下 刚才给我打电话说如果法院给我打电话我就说我那天喝多了瞎说的 我们在一起是结婚前 知道他结婚我就断了 我想问我该不该帮他撒这个谎 他让我看在在一起那么久对我也很好的份上 在财产上帮帮他否则他什么都没了 可是我被欺骗了将近一年啊,每日娱乐圈,https://weibo.cn/u/3185500911,24,1,47,https://weibo.cn/comment/DrJQzARK0?uid=3185500911&rl=1#cmtfrm,2016-04-19,23:00:03,2016-04-19
:第八章《同居》更新，希望大家多多支持！ http://t.cn/RqKgicn,哈兹09,https://weibo.cn/u/1704742062,0,0,0,https://weibo.cn/comment/DrJNP8QZM?uid=1704742062&rl=1#cmtfrm,2016-04-19,22:53:14,2016-04-19
":《愿此刻永恒OVA》 01，一个是曾经热恋过的女孩,一个是现在的同居女友,“鸣海孝之”面临了一个影响3个人命运的交叉点…..他会何去何从呢？",龅牙的兔子海,https://weibo.cn/u/5719156018,0,0,0,https://weibo.cn/comment/DrTELmRmA?uid=5719156018&rl=1#cmtfrm,2016-04-20,23:58:24,2016-04-20
:想和我同居_(눈_ 눈」∠)_ 😏😏才没有那么容易就答应你。,以后的事情谁说的准,https://weibo.cn/u/5898601067,0,0,0,https://weibo.cn/comment/DrTEoEAdo?uid=5898601067&rl=1#cmtfrm,2016-04-20,23:57:30,2016-04-20
:发表了一篇转载博文《[转载]姐弟恋曝光！宋茜杨洋疑酒店同居穿情侣装微博亲密调情》[转载]姐弟恋曝光！宋茜杨洋疑酒店同居穿情侣装微博亲密调情,孙逸豪,https://weibo.cn/575918888,0,0,0,https://weibo.cn/comment/DrTDP92WV?uid=1415665961&rl=1#cmtfrm,2016-04-20,23:56:05,2016-04-20
:“【杜海涛沈梦辰同居#破分手传闻】杜海涛沈梦辰恋情曝光后，屡传分手，更有传女方出轨。今日，某星探曝光两人同居视频，沈梦辰现身杜海涛家中。[心]#杜海涛沈梦辰同居##明星...”娱乐圈八卦小分队的秒拍视频（使用#秒拍#录制）,娱乐圈八卦站长,https://weibo.cn/778930220,108,19,26,https://weibo.cn/comment/DrTDg3IhP?uid=3175194517&rl=1#cmtfrm,2016-04-20,23:54:41,2016-04-20
:如果爱一个人，千万不要与他同居或是结婚。维持一个辽阔的距离，偶遇，可以爱慕的目光致敬，轻俏温柔，不着边际地问：“好吗?”一年一次已经足够。–《绝对是个梦》,炒蛋爱吃女郎,https://weibo.cn/u/5311393432,0,1,0,https://weibo.cn/comment/DrTD5kHMK?uid=5311393432&rl=1#cmtfrm,2016-04-20,23:54:17,2016-04-20
:“【倪妮井柏然同居曝光 双方经纪人承认恋情】昨天，先是爆料号曝出了#倪妮井柏然恋情#，紧接着倪妮连续两晚住入井柏然所在的小区这事儿又被曝光，俩人还前后脚进了同一个单元...”娱乐圈八卦小分队的秒拍视频（使用#秒拍#录制）,娱乐圈八卦站长,https://weibo.cn/778930220,19,1,1,https://weibo.cn/comment/DrTCOedJ7?uid=3175194517&rl=1#cmtfrm,2016-04-20,23:53:35,2016-04-20
:如果爱一个人，千万不要与他同居或是结婚。维持一个辽阔的距离——永远爱不够,傻猫日记0918,https://weibo.cn/u/1974496331,0,0,1,https://weibo.cn/comment/DrTB2gwVj?uid=1974496331&rl=1#cmtfrm,2016-04-20,23:49:14,2016-04-20
:春天也走了→→夏天快到了→→小鸟恋爱了→→蚂蚁同居了→→苍蝇怀孕了→→蚊子流产了 →→蝴蝶离婚了→→毛虫改嫁了→→ 青蛙生崽了→→你还在等什么？我们恋爱吧！最后，转给喜欢的人吧！,鲅鱼圈华祥苑茗茶万花筒,https://weibo.cn/u/5311334844,0,1,0,https://weibo.cn/comment/DrTAgo667?uid=5311334844&rl=1#cmtfrm,2016-04-20,23:47:19,2016-04-20
:郎骑竹马来，绕床弄青梅。 同居长干里，两小无嫌猜。,静采飞杨_342,https://weibo.cn/u/2975332845,0,0,0,https://weibo.cn/comment/DrTyzfbva?uid=2975332845&rl=1#cmtfrm,2016-04-20,23:43:08,2016-04-20
:是不是同居了的人一般都会失身了的？匿,师太午夜情感热线,https://weibo.cn/gxnuwy,5,1,48,https://weibo.cn/comment/DrTuxhnkx?uid=2633547044&rl=1#cmtfrm,2016-04-20,23:33:12,2016-04-20
:我分享了《同居男闺蜜》这本书，快来看看吧！http://t.cn/RUgW628,柠萌萌111222,https://weibo.cn/u/5504660761,0,0,0,https://weibo.cn/comment/DrTsIkBU1?uid=5504660761&rl=1#cmtfrm,2016-04-20,23:28:44,2016-04-20
:【哪些星座喜欢婚前同居？】NO.1：天秤座--非常希望恋爱是两个人结伴同行的，同居对天秤座来说反而是精神释放；NO.2：天蝎座--,有点甜的萌神,https://weibo.cn/u/5768267941,0,0,0,https://weibo.cn/comment/DrTqpETc5?uid=5768267941&rl=1#cmtfrm,2016-04-20,23:23:03,2016-04-20
:#同居生活之奇葩舍友# 我说怎样你们不出去住 她说最近穷 给一个四岁就认识的老朋友包了结婚红包 我问多少 她说188？？！！！！what??? 白眼也是翻到天上去,一条沁鱼,https://weibo.cn/u/2608833017,1,0,3,https://weibo.cn/comment/DrTonaIvn?uid=2608833017&rl=1#cmtfrm,2016-04-20,23:18:00,2016-04-20
:新tag#同居生活之奇葩舍友# 舍友说周末她两个朋友来 要睡我的床 让我自己出去开房 (Excuse me? 怎么好意思说的出口哦？),一条沁鱼,https://weibo.cn/u/2608833017,0,0,6,https://weibo.cn/comment/DrTnrj07s?uid=2608833017&rl=1#cmtfrm,2016-04-20,23:15:43,2016-04-20
:两个脾气各异性格不同的人，要相爱很容易但要生活在一起却很难。因为相爱只要在一起就可以，简单，而生活却现实到谁洗碗碟，琐碎；恋爱是和他的优点在一起，同居是和他的缺点生活在一起。要过一辈子，要有忍让有底线，忍让收获平和，底线是婚姻的约束。两个人都能做到底线之内的忍让，这才是终身的爱。,若瞳四季豆R,https://weibo.cn/u/5523858745,0,0,0,https://weibo.cn/comment/Ds35Ja1cc?uid=5523858745&rl=1#cmtfrm,2016-04-21,23:59:33,2016-04-21
:#高校保安碾压流浪狗#到现在都没敢看视频，心里会难过...没人想想那些流浪狗哪儿来的么？大学小情侣，租个房子或者校外小旅店一同居就好像要安家立业过一生了一样，最后大学毕业一分手，只剩下猫猫狗狗可怜的在学校流浪找主人...吵什么吵！不懂得负责的人才最该骂！,木木木木木木_欠儿,https://weibo.cn/u/1883584130,3,0,0,https://weibo.cn/comment/Ds34pkWmt?uid=1883584130&rl=1#cmtfrm,2016-04-21,23:56:18,2016-04-21
:#徐海乔# 乔叔，和云小修的同居生活开始了，要幸福哦,懒熊慢慢来,https://weibo.cn/u/5041226398,1,0,0,https://weibo.cn/comment/Ds30CpXkQ?uid=5041226398&rl=1#cmtfrm,2016-04-21,23:46:58,2016-04-21
":小伙和女友同居后, 每天都生不如死!http://t.cn/RqCY3uq",你有好吃的么,https://weibo.cn/u/2168213007,0,0,0,https://weibo.cn/comment/Ds2XqoO4S?uid=2168213007&rl=1#cmtfrm,2016-04-21,23:39:06,2016-04-21
:【不能同居的星座配对】第二宗罪：猜忌引发的不忠。典型罪状：处女座天生劳碌命，再加上就业压力，唯恐一不留神被老板炒了鱿鱼。双鱼座的想象力是疯狂的，当处女座不在家，双鱼座就开始瞎猜了。对抗一个不忠情人的最佳方式不外乎是变本加厉的不忠，虚情假意地去维护当初这份感情已经没有意义了。,wt文_640_246,https://weibo.cn/u/2274436292,0,0,0,https://weibo.cn/comment/Ds2X2syRH?uid=2274436292&rl=1#cmtfrm,2016-04-21,23:38:09,2016-04-21
:【哪些星座喜欢婚前同居？】NO.1：天秤座--非常希望恋爱是两个人结伴同行的，同居对天秤座来说反而是精神释放；NO.2：天蝎座--喜欢同居，是因为强烈的占有欲；NO.3：双鱼座--既想黏住对方，又害怕自己表现不好；NO.4：双子座--因为无聊而寂寞，喜欢新鲜，喜欢有人一起。,nightcat的美好生活,https://weibo.cn/u/5329517775,0,0,0,https://weibo.cn/comment/Ds2RIp7zK?uid=5329517775&rl=1#cmtfrm,2016-04-21,23:25:03,2016-04-21
:【星座如何看婚前同居】白羊一道美丽的风景，金牛爱是一种责任，双子像风一样的爱情，巨蟹期待结果的爱，狮子爱与生俱来的权力，处女爱情的桃花源，天秤拿得起放得下，天蝎绝对的忠贞，射手好聚好散，摩羯速战速决，水瓶收放自如，双鱼浪漫主义者。,水桥番奥,https://weibo.cn/u/5776851099,0,0,0,https://weibo.cn/comment/DscuThwl6?uid=5776851099&rl=1#cmtfrm,2016-04-22,23:56:15,2016-04-22
:千万别让男人太有安全感。有些女孩在恋爱同居后，变得蓬头垢脸黄脸婆，以为肯定能嫁。但实际上，你让男人越有安全感，他对你越无所谓，就不会在乎你，爱情就变少，分手概率变大。所以别让男人有安全感，你要更漂亮，要常和朋友去玩，要继续有追求者，要能收到礼物和花。有人抢的女人才值钱。,表码,https://weibo.cn/u/5867797541,0,0,0,https://weibo.cn/comment/DsctSFdhY?uid=5867797541&rl=1#cmtfrm,2016-04-22,23:53:47,2016-04-22
:与杜江相恋同居一年，霍思燕挺6月大肚遭男友求婚，开心落泪，,这件泳衣才丑奥厚振,https://weibo.cn/u/5779489708,0,0,0,https://weibo.cn/comment/DscsycF2o?uid=5779489708&rl=1#cmtfrm,2016-04-22,23:50:30,2016-04-22
":她下班回家,他坐在沙发上。
面无表情的抽着烟,突然开口说,
“喂,我说,我们同居了2年,你不觉得厌倦吗？”
她转身,愣愣的看着他,“你说....什么？..”
他面无表情的说,“我厌倦了..”
她的眼泪流了出来,无助的背过身。
一个温暖的怀抱突然抱住她,
“不如我们结婚吧”",健康养身小巧门,https://weibo.cn/u/5898722364,0,0,0,https://weibo.cn/comment/DscrSygXl?uid=5898722364&rl=1#cmtfrm,2016-04-22,23:48:50,2016-04-22
:《与帅弟同居的日子》我在@百度阅读，发现一本好书，推荐给大家！点击立即阅读。 http://t.cn/RGHBsus,时光证明我来过,https://weibo.cn/yufei0102825,0,0,0,https://weibo.cn/comment/DscrBpaJj?uid=3063359603&rl=1#cmtfrm,2016-04-22,23:48:10,2016-04-22
:谢谢同居盆友的盛情款待，辣么美味,简ai-過客,https://weibo.cn/u/1850155324,3,0,2,https://weibo.cn/comment/DscqKdHhw?uid=1850155324&rl=1#cmtfrm,2016-04-22,23:46:02,2016-04-22
:我知道华为这个企业的时候，还是2000年在中关村进村那个雕塑右边的一个店面，当时还没换标。2003年后来一个同居者去了华为企业，当时工资就有...//【任正非真实身价曝光：超马云马化腾李彦宏之和】 任正非真实身价超BAT老板之和,奥运牛,https://weibo.cn/u/1393113740,0,0,0,https://weibo.cn/comment/Dscql8siD?uid=1393113740&rl=1#cmtfrm,2016-04-22,23:45:03,2016-04-22
:哎呀我找不到横雏同居杂的图被我塞哪儿了 不过这肯定过不了信用卡申请吧,A_糖分最高,https://weibo.cn/rozan63,0,0,14,https://weibo.cn/comment/DscpfaBaD?uid=2152924084&rl=1#cmtfrm,2016-04-22,23:42:21,2016-04-22
:男女闺蜜，分分钟搞一起同居，亮瞎你的狗眼,bhq的围脖,https://weibo.cn/u/2265517252,0,0,1,https://weibo.cn/comment/DscoNBK9B?uid=2265517252&rl=1#cmtfrm,2016-04-22,23:41:16,2016-04-22
:【星座如何看婚前同居】白羊一道美丽的风景，金牛爱是一种责任，双子像风一样的爱情，巨蟹期待结果的爱，狮子爱与生俱来的权力,言归正传1274096951,https://weibo.cn/u/1274096951,0,0,0,https://weibo.cn/comment/DscoDyU6C?uid=1274096951&rl=1#cmtfrm,2016-04-22,23:40:52,2016-04-22
:有些人谈恋爱五年十年，以为总会结婚。可惜恋爱时间越长，结婚可能性就越小。因为恋爱时间短，男人对你的需求越强烈，越想把你绑身边结婚。而超过五年的恋爱同居，对男人而言，结婚能得到的都得到了，还不如去尝试新鲜女人。所以，超过三年的恋爱，不结婚就分手。男人拖得起，你拖不起。,蝶亦非,https://weibo.cn/634526391,0,0,0,https://weibo.cn/comment/DscmhBwmH?uid=1946513843&rl=1#cmtfrm,2016-04-22,23:35:03,2016-04-22
:#暴力喵皇##我和张小木的同居生活#如此生无可恋。。。你好意思么,努力想正经的张贱贱,https://weibo.cn/u/2737443852,0,0,0,https://weibo.cn/comment/Dsck7tABe?uid=2737443852&rl=1#cmtfrm,2016-04-22,23:29:44,2016-04-22
:42岁大姐与21岁小伙同居 劝男友工作未果遭殴打 （分享自 @新浪新闻） 42岁大姐与21岁小伙同居被殴打,troisieme-handicap,https://weibo.cn/u/5410424137,0,0,0,https://weibo.cn/comment/DscjHcPwR?uid=5410424137&rl=1#cmtfrm,2016-04-22,23:28:41,2016-04-22
:【42岁大姐与21岁小伙同居 劝男友工作未果遭殴打】 都说男人，老牛吃嫩草是要付出代价的！你这个老女人肯小鲜肉，难道不要付出？ 新浪跟帖_新浪网,寻找万能胶,https://weibo.cn/u/2596736435,0,0,0,https://weibo.cn/comment/Dscg7fOEC?uid=2596736435&rl=1#cmtfrm,2016-04-22,23:19:51,2016-04-22
:【哪些星座喜欢婚前同居？】NO.1：天秤座--非常希望恋爱是两个人结伴同行的，同居对天秤座来说反而是精神释放；NO.2：天蝎座--喜欢同居，是因为强烈的占有欲；NO.3：双鱼座--既想黏住对方，又害怕自己表现不好；NO.4：双子座--因为无聊而寂寞，喜欢新鲜，喜欢有人一起。,淳于位志淳于田,https://weibo.cn/u/5850926220,0,0,0,https://weibo.cn/comment/Dscfardoa?uid=5850926220&rl=1#cmtfrm,2016-04-22,23:17:33,2016-04-22
:#我和张小木的同居生活##暴力喵皇#虽然我们是微胖界的帅哥，但我们还是能团成一个球。,努力想正经的张贱贱,https://weibo.cn/u/2737443852,0,0,0,https://weibo.cn/comment/DsccwuJ8p?uid=2737443852&rl=1#cmtfrm,2016-04-22,23:11:00,2016-04-22
:我要宣布，我們今天起正式同居了！即將剪綵的花灑。,傻笑大口仔,https://weibo.cn/u/5065770530,1,1,0,https://weibo.cn/comment/DslSmvBpq?uid=5065770530&rl=1#cmtfrm,2016-04-23,23:48:49,2016-04-23
:#虎扑强文# 《我代表单身狗想问一句，和女朋友同居到底是一种什么感觉？好羡慕！！！！！！！！》 (来自 @虎扑体育) http://t.cn/RqpRXk7,唯爱--科比,https://weibo.cn/u/2650382362,0,0,0,https://weibo.cn/comment/DslQmqZUu?uid=2650382362&rl=1#cmtfrm,2016-04-23,23:43:52,2016-04-23
:【诗仙李白为何没资格参加科举考试】学者们认为李家以商为业。《唐六典》规定：“凡官人身及同居大功已上亲，自执工商，家专其业，皆不得入仕。”《旧唐书》卷四三《职官志》也说：“工商之家，不得预于士。”商人家的孩子和近亲，皆不得入仕。李白便没有资格参加科举考试了。,文史鉴赏,https://weibo.cn/u/5723868007,0,0,0,https://weibo.cn/comment/DslNfbUfe?uid=5723868007&rl=1#cmtfrm,2016-04-23,23:36:12,2016-04-23
:#exo橙光游戏#他们是亚洲超人气偶像天团，也是我们最爱的明星，快来和我一起在《亡如大梦初醒（鹿灿嘟同居！！）》中展开和他们的浪漫之旅,L0v3xxiu,https://weibo.cn/u/3289927764,0,0,0,https://weibo.cn/comment/DslMppAuF?uid=3289927764&rl=1#cmtfrm,2016-04-23,23:34:09,2016-04-23
:当今社会：养二奶的越来越多，养奶奶的越来越少；出书的人越来越多，读书的人越来越少；耍手腕的人越来越多，耍手艺的人越来越少；未婚同居的越来越多，婚后同居的越来越少；肚子大的人越来越多，肚量大的人越来越少；知道周迅的越来越多，知道鲁迅的越来越少；微博发语录的越来越多，转播却越来越少。,netcat20000肥麦肥麦,https://weibo.cn/u/5613312487,0,0,0,https://weibo.cn/comment/DslLOcvGm?uid=5613312487&rl=1#cmtfrm,2016-04-23,23:32:40,2016-04-23
:《入戏》BY童子，过程NP，结尾1V1，有女友，有强奸，在攻那里求爱受挫就自甘堕落，和炮灰【们】的详尽香艳肉，和强奸犯同居。写得再好，过不去天雷这个槛也是白搭。,弃文备忘录,https://weibo.cn/u/5905588220,20,0,5,https://weibo.cn/comment/DslLI1miA?uid=5905588220&rl=1#cmtfrm,2016-04-23,23:32:25,2016-04-23
:小白和德妹同居了，幼驯染萌香股大涨,椰丝犬,https://weibo.cn/u/3279723720,3,0,0,https://weibo.cn/comment/DslL2kyCV?uid=3279723720&rl=1#cmtfrm,2016-04-23,23:30:46,2016-04-23
:金发要和真白同居啦wwww,Tdzerihana,https://weibo.cn/smallstar9637,0,0,0,https://weibo.cn/comment/DslJHA8hn?uid=2195128415&rl=1#cmtfrm,2016-04-23,23:27:28,2016-04-23
:同居蜜友首秀，好厨艺少不了好锅具啊。,Ms徽,https://weibo.cn/liuhui13,0,0,8,https://weibo.cn/comment/DslIonhDw?uid=1678029800&rl=1#cmtfrm,2016-04-23,23:24:15,2016-04-23
:【分享自 maki 的LOFTER】《【狡槙】【同居系列】Follow the track（160330修改）》 *逃亡背景，大部分是同居前跑路中的故事。 加了一段rou送给烟湾太太，第一次写rio性冷淡，大概是R15的程度... （阅读全文：http://t.cn/Rqp8afm）,狡槙主页-刀与枪与麦田,https://weibo.cn/u/5810938581,1,1,0,https://weibo.cn/comment/DslHD3geP?uid=5810938581&rl=1#cmtfrm,2016-04-23,23:22:22,2016-04-23
:【哪些星座喜欢婚前同居？】NO.1：天秤座--非常希望恋爱是两个人结伴同行的，同居对天秤座来说反而是精神释放；NO.2：天蝎座--喜欢同居，是因为强烈的占有欲；NO.3：双鱼座--既想黏住对方，又害怕自己表现不好；NO.4：双子座--因为无聊而寂寞，喜欢新鲜，喜欢有人一起。,喜欢香蕉的米南,https://weibo.cn/u/3236966845,0,0,0,https://weibo.cn/comment/DslHv74G3?uid=3236966845&rl=1#cmtfrm,2016-04-23,23:22:03,2016-04-23
:说实话这位YK大哥我是彻底烦了。5周年长访谈说当年想着18岁不能出道就退社，9周年长访谈说30岁红不了就退社（那时还被杂志拍到大大方方跟女盆友同居逛超市），现在还说到电视上去了！团内有个时时刻刻都在想着自己后路的人我真觉得在拼死拼活还不断帮他说好话的人太可怜，拖着个想逃的兵怎么打仗？,刀田一就是鱼,https://weibo.cn/u/2004538694,36,0,0,https://weibo.cn/comment/DsvjX3hMW?uid=2004538694&rl=1#cmtfrm,2016-04-24,23:51:30,2016-04-24
:Smosh：與阿湯哥同居 (TOM CRUISE IS MY ROOMMATE)【... Up主：次酱一点都不萌 来自AcFun 生活娱乐 频道 Smosh：與阿湯哥同居 (TOM CRUISE IS MY ROOMMATE)【中文字幕】,自在海濤,https://weibo.cn/u/3306760863,0,0,0,https://weibo.cn/comment/DsvjP41Vx?uid=3306760863&rl=1#cmtfrm,2016-04-24,23:51:11,2016-04-24
:#桃雪# 同居的第一天。 【终于在今天画好了。】 【虽然是自己开心才画的，但看到你们也喜欢真的是太好了。】,Aurora千分之九,https://weibo.cn/u/2536240707,22,2,2,https://weibo.cn/comment/DsvgQ3VDt?uid=2536240707&rl=1#cmtfrm,2016-04-24,23:43:50,2016-04-24
":她下班回家,他坐在沙发上。面无表情的抽着烟,突然开口说,“喂,我说,我们同居了2年,你不觉得厌倦吗？”她转身,愣愣的看着他,“你说....什么？..”他面无表情的说,“我厌倦了..”她的眼泪流了出来,无助的背过身。一个温暖的怀抱突然抱住她,“不如我们结婚吧”。",感动心理学,https://weibo.cn/u/3173417555,0,0,0,https://weibo.cn/comment/Dsva53T9i?uid=3173417555&rl=1#cmtfrm,2016-04-24,23:27:11,2016-04-24
:今天小桑桑妹纸带我去吃老字号的“洋家鸡”，饭后去了家很适合装逼文艺范十足的咖啡馆“蓝色甲壳虫”。门口真有两甲壳虫车。傍晚5点离开盐城坐了免费大巴回南京。虽然生活总是苦逼，但总是充满小幸运。我以为我今天回不了南京，还是最后“有惊无险”回来了。舍不得和小桑桑同居的两天生活。,燕窝里De小麦,https://weibo.cn/u/3489942090,2,0,0,https://weibo.cn/comment/Dsv9Q1ekU?uid=3489942090&rl=1#cmtfrm,2016-04-24,23:26:35,2016-04-24
:中国的法律法规让人难以理解，做情人，小三，同居，就不敢抓，难道她们不是为钱吗？ 少妇出卖色相赚钱被民警抓现行.执法视频,望海WH,https://weibo.cn/u/5616652700,0,0,0,https://weibo.cn/comment/Dsv9GgFof?uid=5616652700&rl=1#cmtfrm,2016-04-24,23:26:12,2016-04-24
:#又到了炒冷饭的时候#曲水老师的文不能错过的就是同居相为隐,碳素墨核,https://weibo.cn/u/2157136804,2,0,0,https://weibo.cn/comment/Dsv7Vtrkf?uid=2157136804&rl=1#cmtfrm,2016-04-24,23:21:52,2016-04-24
:有些人谈恋爱五年十年，以为总会结婚。可惜恋爱时间越长，结婚可能性就越小。因为恋爱时间短，男人对你的需求越强烈，越想把你绑身边结婚。而超过五年的恋爱同居，对男人而言，结婚能得到的都得到了，还不如去尝试新鲜女人。所以，超过三年的恋爱，不结婚就分手。男人拖得起，你拖不起。,吃菠萝撒盐,https://weibo.cn/u/5621589659,0,0,0,https://weibo.cn/comment/Dsv3esbUP?uid=5621589659&rl=1#cmtfrm,2016-04-24,23:10:19,2016-04-24
:魔道祖师看完了哭唧唧，明天看番外哭唧唧，你们还记得和神明同居的日子吗哭唧唧，零零碎碎的时间把世界观的设定做完了哭唧唧，过了五一假期之后就开始谢谢看了哭唧唧，希望大家会喜欢哭唧唧，今晚就是要哭唧唧了,小鱼儿Graceee,https://weibo.cn/chibabawojia,10,0,1,https://weibo.cn/comment/Dsv2KiYBg?uid=5628091469&rl=1#cmtfrm,2016-04-24,23:09:06,2016-04-24
:【哪些星座喜欢婚前同居？】NO.1：天秤座--非常希望恋爱是两个人结伴同行的，同居对天秤座来说反而是精神释放；NO.2：天蝎座--喜欢同居，是因为强烈的占有欲；NO.3：双鱼座--既想黏住对方，又害怕自己表现不好；NO.4：双子座--因为无聊而寂寞，喜欢新鲜，喜欢有人一起。,毋小姐gm,https://weibo.cn/u/5357052800,0,0,0,https://weibo.cn/comment/Dsv2HnHcA?uid=5357052800&rl=1#cmtfrm,2016-04-24,23:09:00,2016-04-24
:经过两个多月的周播之后，电视剧《同居男女》即将于明晚在TVS-3迎来第一季大结局。作为广东本土第一部青春主播偶像剧，《同居男女》平均收视过1，但也引来不少网友的“毒舌”。,追剧通,https://weibo.cn/cazjgcyl,2,0,0,https://weibo.cn/comment/Dsv1YapLP?uid=3594501131&rl=1#cmtfrm,2016-04-24,23:07:12,2016-04-24
:生日快乐，虽然一起同居两年，但却是第一次跟你过生日，没有蛋糕，没有特别的气氛，但是有真挚的感情哦，遇上你很幸运，喜欢一起聊天说心里话，今年没有一起打球运动似乎缺了点什么，奥～，这是不是你胖了点的一大原因！将我的不易胖体质送你，礼沉情意重！@等天蓝时再取个好昵称 济南·济南长清大学城,崔慧敏子,https://weibo.cn/u/3186376075,2,0,2,https://weibo.cn/comment/Dsv1W6U85?uid=3186376075&rl=1#cmtfrm,2016-04-24,23:07:06,2016-04-24
:她下班回家，他坐在沙发上，面无表情地抽着烟，突然他开口了：“喂，我说我们向这样同居两年了，你不觉得厌烦吗？”她停下了正换着拖鞋的手，转过身楞楞的看着他：你说什么？他还是一样面无表情：我说我厌倦了。她的眼泪流了出来，无助地背过身擦拭。一个温暖的身体突然抱,头发长了就自然卷,https://weibo.cn/u/5895972812,0,0,0,https://weibo.cn/comment/DsuZsEPB4?uid=5895972812&rl=1#cmtfrm,2016-04-24,23:01:03,2016-04-24
:【魯迅日記抄】1913年八月二日 晴。午後購日譯都介納夫著《煙》一冊，銀一元四角。二時登“塘沽”船，房甚穢陋，有徐翹字小夢者同居，雲至青島。寄二弟一郵片。四時舟發。,论智识贩卖所的伙计,https://weibo.cn/u/2712330293,0,1,0,https://weibo.cn/comment/DsEN8fjbq?uid=2712330293&rl=1#cmtfrm,2016-04-25,23:58:07,2016-04-25
:白羊座敢爱敢恨的你会高唱：只在乎曾经拥有，不在乎天长地久。只要是你认定的感情，往往就会一头栽了进去。对于你来说，轰轰烈烈的过程，比结果来得更为重要。因为最美的风景总在路上，而同居也就是爱情路上的一道美丽风景。,不甜的椰子,https://weibo.cn/u/2992659167,0,0,0,https://weibo.cn/comment/DsEMHomSx?uid=2992659167&rl=1#cmtfrm,2016-04-25,23:57:03,2016-04-25
:荒唐可笑的一晚上。。。正式同居的第一天。。。感慨颇多 石家庄·海悦天地,孤独的小丑Orz,https://weibo.cn/u/3552055897,0,0,0,https://weibo.cn/comment/DsEMsA6Na?uid=3552055897&rl=1#cmtfrm,2016-04-25,23:56:28,2016-04-25
:没结婚的像结婚的一样同居，结婚的像没结婚的一样分居；动物像人一样穿衣服，人像动物一样露着肉；小孩像大人一样成熟，大人像小孩一样幻稚；女人像男人一样爷们，男人像女人一样娘们；没钱的像有钱的一样装富，有钱的像没钱的一样装穷；情人像夫人一样四处招摇，夫人像情人一样深居简出。。。,一句话囧言囧语,https://weibo.cn/301207333,119,77,5,https://weibo.cn/comment/DsEKFqip2?uid=1625152340&rl=1#cmtfrm,2016-04-25,23:52:03,2016-04-25
":我正在看【大学生同居, 瞄准的是爱情还是生理?】，分享给你，一起看吧！http://t.cn/RqOosZE",酷酷的死去,https://weibo.cn/u/5907307989,0,0,0,https://weibo.cn/comment/DsEKsseNz?uid=5907307989&rl=1#cmtfrm,2016-04-25,23:51:32,2016-04-25
:教师男友的日常by暖灰 日常 HE 反差萌 好好生活向 受有暴力倾向为了控制自己找了一个身材强健的攻同居，同居后发现攻是个BDSM圈内top1的调教师。文里对于攻的工作刻画蛮有趣，受心大冲动有点儿蠢，攻很全能对受很好。攻在工作状态和平时状态相差很多很有爱。副CP也很有趣。狗血满满很喜欢。大大大推。,是萌不是猛偶尔扫文,https://weibo.cn/u/2071484757,3,2,0,https://weibo.cn/comment/DsEIA5kHo?uid=2071484757&rl=1#cmtfrm,2016-04-25,23:46:54,2016-04-25
:有些人谈恋爱五年十年，以为总会结婚。可惜恋爱时间越长，结婚可能性就越小。因为恋爱时间短，男人对你的需求越强烈，越想把你绑身边结婚。而超过五年的恋爱同居，对男人而言，结婚能得到的都得到了，还不如去尝试新鲜女人。所以，超过三年的恋爱，不结婚就分手。男人拖得起，你拖不起。,那年春天爱上你,https://weibo.cn/u/5562301455,0,0,0,https://weibo.cn/comment/DsEHsAoSn?uid=5562301455&rl=1#cmtfrm,2016-04-25,23:44:09,2016-04-25
:【哪些星座喜欢婚前同居？】NO.1：天秤座--非常希望恋爱是两个人结伴同行的，同居对天秤座来说反而是精神释放；NO.2：天蝎座--喜欢同居，是因为强烈的占有欲；NO.3：双鱼座--既想黏住对方，又害怕自己表现不好；NO.4：双子座--因为无聊而寂寞，喜欢新鲜，喜欢有人一起。,喧珂,https://weibo.cn/u/3842995605,0,0,0,https://weibo.cn/comment/DsEGC2Ve7?uid=3842995605&rl=1#cmtfrm,2016-04-25,23:42:03,2016-04-25
:【哪些星座喜欢婚前同居？】NO.1：天秤座--非常希望恋爱是两个人结伴同行的，同居对天秤座来说反而是精神释放；NO.2：天蝎座--喜欢同居，是因为强烈的占有欲；NO.3：双鱼座--既想黏住对方，又害怕自己表现不好；NO.4：双子座--因为无聊而寂寞，喜欢新鲜，喜欢有人一起。,武遍利武座烈,https://weibo.cn/u/5901378605,0,0,0,https://weibo.cn/comment/DsEFY61Na?uid=5901378605&rl=1#cmtfrm,2016-04-25,23:40:28,2016-04-25
:同居小情侣,YuriOrange,https://weibo.cn/u/5619480434,3,1,0,https://weibo.cn/comment/DsEEK9JM6?uid=5619480434&rl=1#cmtfrm,2016-04-25,23:37:26,2016-04-25
:我在看【口述：我和男友同居五年变成了包袱】http://t.cn/RqOGMUq,小伟40252,https://weibo.cn/u/5883888568,0,0,0,https://weibo.cn/comment/DsEDCriOO?uid=5883888568&rl=1#cmtfrm,2016-04-25,23:34:41,2016-04-25
:啊，试问又有哪一个十八岁怀春少女能拒绝这样的一双眼睛！还记得那天早上我在床上吃早餐，电视在播同居蜜友，镜头一拍到梁朝伟那双眼睛，我便忍不住开始傻笑。一碗皮蛋瘦肉粥，我足足吃了将近一个钟。真的是！好靓仔啊！标准意义上的靓仔！,CHupAChUpuSsy,https://weibo.cn/burningvert,6,1,0,https://weibo.cn/comment/DsECrcTDg?uid=5650535786&rl=1#cmtfrm,2016-04-25,23:31:45,2016-04-25
:从小到大一个人睡 舍友说是惯的……#同居生活之奇葩舍友 # 好奇怪 为什么有人就这么直白的去judge别人的生活呢？ 你内裤放在我的洗衣盆里两三天不洗我都没说你什么 白眼也是来不及翻,一条沁鱼,https://weibo.cn/u/2608833017,0,0,0,https://weibo.cn/comment/DsEATqVpj?uid=2608833017&rl=1#cmtfrm,2016-04-25,23:27:57,2016-04-25
:婚姻法里似乎没有调整恋爱关系，不过同居生活发生子女财产纠纷的还是管，真是悲伤。,小小尾巴tail,https://weibo.cn/u/1024976852,0,0,0,https://weibo.cn/comment/DsEAaf1x9?uid=1024976852&rl=1#cmtfrm,2016-04-25,23:26:09,2016-04-25
:看调解类节目，很多没领证就同居的情侣。孩子都有了，男的变心，一脚把女人踢出家门。而女人因为没证，啥也得不到，只能净身离开辛苦创建的家。同情之余突然想问为什么中国还没有同居法？现在婚前同居相当普遍，已具备立法基础。同居法不但可以保障弱势权益，还可以让人慎重对待同居。@孟晖menghui,飞天猪123,https://weibo.cn/xiaohulu,6,28,6,https://weibo.cn/comment/DsEykrYJs?uid=1664144442&rl=1#cmtfrm,2016-04-25,23:21:39,2016-04-25
:别人问我有没有男朋友啊，然后我会条件反射得弹出一个字，有。现在得人更离谱啦，他还会接着问，打算什么时候同居啊，我TM 憋着一口气不敢出只能吞吐着回答，暂时没有这种想法。 广州·人和镇,Xiaoyy29,https://weibo.cn/yao1029,2,0,0,https://weibo.cn/comment/DsEw2jkCB?uid=1779845361&rl=1#cmtfrm,2016-04-25,23:16:00,2016-04-25
:#00后女孩即将生孩子# 任性当个性，结婚当网游。过早同居，未婚先孕，就算有爱也是盲目无知，对双方的未来都不负责任。但愿对即将出生的孩子能负责一些。,老包的菜园,https://weibo.cn/u/2126381684,6,0,0,https://weibo.cn/comment/DsEvluKRc?uid=2126381684&rl=1#cmtfrm,2016-04-25,23:14:18,2016-04-25
:……半夜收到这个真的是感动的说不出来话！也太好看了吧,阿光Cora,https://weibo.cn/574600774,108,38,66,https://weibo.cn/comment/DsOeisxcp?uid=5566741671&rl=1#cmtfrm,2016-04-26,23:59:46,2016-04-26
:我在看【7旬老人和“干女儿”同居后离奇身亡 警方揭特殊关系-手机凤凰网】，分享给你，快来看！ http://t.cn/RqWI2qz,四川刘峰,https://weibo.cn/u/3625987823,0,0,0,https://weibo.cn/comment/DsOdSb23n?uid=3625987823&rl=1#cmtfrm,2016-04-26,23:58:43,2016-04-26
:如果可以选择的话 你最想和哪个动漫角色同居,爱吃瓜的追番小哥,https://weibo.cn/u/2547371405,567,94,762,https://weibo.cn/comment/DsOcprslV?uid=2547371405&rl=1#cmtfrm,2016-04-26,23:55:07,2016-04-26
:【星座如何看婚前同居】白羊一道美丽的风景，金牛爱是一种责任，双子像风一样的爱情，巨蟹期待结果,金月琬芝梅,https://weibo.cn/u/5343910968,0,0,0,https://weibo.cn/comment/DsObakgHb?uid=5343910968&rl=1#cmtfrm,2016-04-26,23:52:03,2016-04-26
:#离过婚的女人怎么了#男人宁愿选择一个交往十个男朋友甚至同居的女人结婚，却嫌弃离过一次婚，只有过一个男人的女人。 我想说，男人你怎么想本大人不关心，离婚理由千万种，一定是女人的错吗？或许应该要谢谢你的嫌弃，好戏总是在最后上演，好男人一定正在寻找我的存在……,不想不等不念,https://weibo.cn/u/5252330594,4,0,0,https://weibo.cn/comment/DsOa3sqBq?uid=5252330594&rl=1#cmtfrm,2016-04-26,23:49:18,2016-04-26
:北北生日！生快生快，原谅我现在比较现充刚刚知道，最难忘的面基就是去年的411辣，那是一把把鼻涕眼泪的爱的面基啊，还是要和北同居,旺仔你的黑眼圈怎么没了,https://weibo.cn/u/1752458484,2,0,0,https://weibo.cn/comment/DsO9xibkh?uid=1752458484&rl=1#cmtfrm,2016-04-26,23:48:02,2016-04-26
":《长干行》 作者：李白
妾发初覆额，折花门前剧。
郎骑竹马来，绕床弄青梅。
同居长干里，两小无嫌猜。
十四为君妇，羞颜未尝开。
低头向暗壁，千唤不一回。
十五始展眉，愿同尘与灰。
常存抱柱信，岂上望夫台。
十六君远行，瞿塘滟预堆。
五月不可触，猿声天上哀。
门前迟行迹，一一生绿苔。
苔深不能扫，落叶秋风早。
八月蝴蝶黄，双飞西园草。
感此伤妾心，坐愁红颜老。
早晚下三巴，预将书报家。
相迎不道远，直至长风沙。",雅泉化妆品专营店-天猫,https://weibo.cn/u/3944136033,1,0,0,https://weibo.cn/comment/DsO7tiU8i?uid=3944136033&rl=1#cmtfrm,2016-04-26,23:42:57,2016-04-26
:#橙光游戏赛高#我在用橙光游戏（安卓客户端）玩《 【朴灿烈】扑倒同居男(修改BUG 未更) 》呢~因为实在是太吸引人了，让我随时随地都想玩一玩,SummerYeol,https://weibo.cn/u/5205603419,0,0,0,https://weibo.cn/comment/DsO78EJJy?uid=5205603419&rl=1#cmtfrm,2016-04-26,23:42:07,2016-04-26
:#橙光游戏赛高#我在用橙光游戏（安卓客户端）玩《 【朴灿烈】扑倒同居男(修改BUG 未更) 》呢~因为实在是太吸引人了，让我随时随地都想玩一玩,SummerYeol,https://weibo.cn/u/5205603419,0,0,0,https://weibo.cn/comment/DsO761lSP?uid=5205603419&rl=1#cmtfrm,2016-04-26,23:42:01,2016-04-26
:#橙光游戏赛高#我在用橙光游戏（安卓客户端）玩《 【朴灿烈】扑倒同居男(修改BUG 未更) 》呢~因为实在是太吸引人了，让我随时随地都想玩一玩,SummerYeol,https://weibo.cn/u/5205603419,0,0,0,https://weibo.cn/comment/DsO6QCmjl?uid=5205603419&rl=1#cmtfrm,2016-04-26,23:41:25,2016-04-26
:千万别让男人太有安全感。有些女孩在恋爱同居后，变得蓬头垢脸黄脸婆，以为肯定能嫁。但实际上，你让男人越有安全感，他对你越无所谓，就不会在乎你，爱情就变少，分手概率变大。所以别让男人有安全感，你要更漂亮，要常和朋友去玩，要继续有追求者，要能收到礼物和花。有人抢的女人才值钱。,芜湖青草,https://weibo.cn/u/3966875825,1,0,0,https://weibo.cn/comment/DsO6y27fQ?uid=3966875825&rl=1#cmtfrm,2016-04-26,23:40:40,2016-04-26
:感觉自己现在好累，想结婚想有个家，可惜身边都是女性朋友，朋友介绍的都是聊几句就要同居，根本都不了解对方，感觉他们对婚姻不怎么负责一样，谁能我给我点意见,雅洁200611,https://weibo.cn/u/5874093836,0,0,0,https://weibo.cn/comment/DsO6ecsl9?uid=5874093836&rl=1#cmtfrm,2016-04-26,23:39:53,2016-04-26
:【不能同居的星座配对】第三宗罪：困窘的经济状况。典型罪状：当狮子座和巨蟹座穷困的时候，巨蟹座比较释然些，逛街的时候巨蟹座会尖利地问：“你不喜欢买便宜货吗？”狮子座低着头，打心眼里觉得难堪极了。巨蟹座喜欢说一些损自己面子的、跌份儿的话，巨蟹座这一切自然的行动都让狮子座坐立不安。,半吊-夏点点,https://weibo.cn/u/3152260602,0,0,0,https://weibo.cn/comment/DsO4cA8Zz?uid=3152260602&rl=1#cmtfrm,2016-04-26,23:34:54,2016-04-26
:我说这邱莹莹是不是智障啊,依稀小姐,https://weibo.cn/u/1745990242,0,0,8,https://weibo.cn/comment/DsO2CfTa9?uid=1745990242&rl=1#cmtfrm,2016-04-26,23:30:59,2016-04-26
":7旬老人和“干女儿”同居后离奇身亡
http://t.cn/Rql4oQb",倪力波,https://weibo.cn/nilibowb,0,0,0,https://weibo.cn/comment/DsXE18pZx?uid=2271189277&rl=1#cmtfrm,2016-04-27,23:57:51,2016-04-27
:#生日倒计时242天# 今天室友说再过两星期要搬走跟女朋友同居去了~两个人幸福的样子真让人羡慕啊，想了很多，不知道跟你同居的话会是什么样子呢，哈哈！生日快乐，老板娘！,Sky曾上豪,https://weibo.cn/u/2857212670,0,0,0,https://weibo.cn/comment/DsXCAbNzK?uid=2857212670&rl=1#cmtfrm,2016-04-27,23:54:19,2016-04-27
:再一次走起以前加班时经常走的路，想起跟钱小姐同居时那段日子，感觉再难熬的日子都会随时间流逝而消失，留存下来的只有美好，所以当下才是最好的，不管是我的朋友们还是我的亲人们。,陈大瑶就是陈大瑶,https://weibo.cn/yachn,2,0,0,https://weibo.cn/comment/DsXzX6JXK?uid=1743589120&rl=1#cmtfrm,2016-04-27,23:47:50,2016-04-27
:纠结：女友要求婚前无性同居两年 | 大众阅读 #银河系富二代# http://t.cn/Rql4APL,快到我的小碗里来,https://weibo.cn/u/5621532107,0,0,0,https://weibo.cn/comment/DsXzdhPv9?uid=5621532107&rl=1#cmtfrm,2016-04-27,23:46:01,2016-04-27
:#甜的🔥拉拉# 一定要mark一下我们同居的小日子…回归大本营之前的每一天，都要继续成为彼此的小太阳哦[爱心][爱心][爱心],田甜你好呀,https://weibo.cn/u/1767636002,0,1,0,https://weibo.cn/comment/DsXyxzT2N?uid=1767636002&rl=1#cmtfrm,2016-04-27,23:44:22,2016-04-27
":【 如今】没结婚像结婚一样同居,结婚像没结婚一样分居;动物像人一样穿着衣服,
人像动物一样露着肉肉;小孩子像大人一样成熟,大人像小孩子一样幼稚;女人像男人一样的爷们,男人像女人一样的娘们;没钱的像有钱一样装富,有钱的像没钱一样装穷;情人像夫人一样地招摇,更多http://t.cn/zQ4rwxs",南雅基金,https://weibo.cn/u/2813260840,0,0,0,https://weibo.cn/comment/DsXufmjQa?uid=2813260840&rl=1#cmtfrm,2016-04-27,23:33:47,2016-04-27
:#行健夜话# 我想问一下，你们男女朋友情侣同居一般一个月做多少次？,行健夜话煲,https://weibo.cn/xdxjxyb,3,1,24,https://weibo.cn/comment/DsXu6tCO3?uid=2546116635&rl=1#cmtfrm,2016-04-27,23:33:26,2016-04-27
:【星座如何看婚前同居】白羊一道美丽的风景，金牛爱是一种责任，双子像风一样的爱情，巨蟹期待结果的爱，狮子爱与生俱来的权力，处女爱情的桃花源，天秤拿得起放得下，天蝎绝对的忠贞，射手好聚好散，摩羯速战速决，水瓶收放自如，双鱼浪漫主义者。,逯适海逯,https://weibo.cn/u/5880252954,0,0,0,https://weibo.cn/comment/DsXsunjTq?uid=5880252954&rl=1#cmtfrm,2016-04-27,23:29:27,2016-04-27
:【同居越久越不想结婚的星座男】冠军（金牛座：会持续不断地为工作去打拼）、亚军（天蝎座）、季军（双鱼座）、第四名（射手座）、第五名（狮子座）、第六名（白羊座）、第七名（天秤座）、第八名（处女座）、第九名（水瓶座）、第十名（双子座）、第十一名（摩羯座）、第十二名 潍坊·潍坊市坊子区人民法院,郁影凝辉,https://weibo.cn/u/3226417585,0,0,0,https://weibo.cn/comment/DsXrL8HL2?uid=3226417585&rl=1#cmtfrm,2016-04-27,23:27:39,2016-04-27
:今天才知道原来我不可以未婚同居,可以但没必要3,https://weibo.cn/u/5825677326,0,0,1,https://weibo.cn/comment/DsXnSBHq9?uid=5825677326&rl=1#cmtfrm,2016-04-27,23:18:06,2016-04-27
:🎉【求嫁记】姓名:棒女郎私护凝胶性别:你懂的 优点:排毒，缩阴，助孕 娘家:卡门国际 嫁人条件:非处女，同居，已婚女性，只要有痛经，白带异常，异味，糜烂等妇科问题就可以把我娶回家，睡前一支美丽宣言:真诚忠诚，愿与你白头偕老，用情一生[玫瑰][玫瑰],逃跑的公主mm,https://weibo.cn/u/5351878817,0,0,0,https://weibo.cn/comment/DsXj24QuK?uid=5351878817&rl=1#cmtfrm,2016-04-27,23:06:09,2016-04-27
:【哪些星座喜欢婚前同居？】NO.1：天秤座--非常希望恋爱是两个人结伴同行的，同居对天秤座来说反而是精神释放；NO.2：天蝎座--喜欢同居，是因为强烈的占有欲；NO.3：双鱼座--既想黏住对方，又害怕自己表现不好；NO.4：双子座--因为无聊而寂寞，喜欢新鲜，喜欢有人一起。,卑微阿四·,https://weibo.cn/u/5256835815,0,0,0,https://weibo.cn/comment/DsXhKhW3w?uid=5256835815&rl=1#cmtfrm,2016-04-27,23:02:58,2016-04-27
:白羊座敢爱敢恨的你会高唱：只在乎曾经拥有，不在乎天长地久。只要是你认定的感情，往往就会一头栽了进去。对于你来说，轰轰烈烈的过程，比结果来得更为重要。因为最美的风景总在路上，而同居也就是爱情路上的一道美丽风景。,卞座臣济,https://weibo.cn/u/5889693452,0,0,0,https://weibo.cn/comment/Dt71rn7ye?uid=5889693452&rl=1#cmtfrm,2016-04-28,23:50:17,2016-04-28
:#骸云# 打从上次那件事，全守护者都知道他俩互有对方的钥匙。看着钥匙的城岛犬脱口道“根本都一样！难怪会带错！”六道骸从门外走了进来“还在研究钥匙？不过无所谓了，其中一串你们就收好吧。”像是看透了他们的诧异，他狡黠的笑着补充道“同居的话，留一副就好。”毕竟他们多半是一起出门的。,墨染夜玖_琴有独宗,https://weibo.cn/sumizomenight9,4,0,0,https://weibo.cn/comment/Dt70YsRa4?uid=5294928351&rl=1#cmtfrm,2016-04-28,23:49:08,2016-04-28
:张哪里生活，性感爆棚～『爱在校园同居时〖叁贰柒〗』http://t.cn/RqjPtHo,Rosanna竹蛉,https://weibo.cn/u/5572237763,1,0,0,https://weibo.cn/comment/Dt6ZRhdzN?uid=5572237763&rl=1#cmtfrm,2016-04-28,23:46:23,2016-04-28
:《《黑月》漆》 　　 ＊黑月同居戀人設定／黑尾上班族，月島大三。 ＊依舊標題廢… ☆–－－－－－－－－－－－－－ 　　一樣平凡的日子，黑尾下班後扭了扭痠痛的肩頸順手扯開了襯衫的領帶並放開了兩顆鈕扣。 ...（阅读全文: http://t.cn/RqjPt5s 下载LOFTER客户端: http://t.cn/RPSYdQu）,鹹魚莫_,https://weibo.cn/u/5571227192,0,0,0,https://weibo.cn/comment/Dt6YGktdk?uid=5571227192&rl=1#cmtfrm,2016-04-28,23:43:29,2016-04-28
:老公有个朋友，本来他们两就一直玩的挺好，后来我们就慢慢熟了，有时候一起去玩，一直拿她当朋友看，结果后来才在老公口中得知，那女的是他的前女友，因为女方家里不同意所以分手了，而且还同居过很长一段时间，听到这我感觉整个人都不好了，很生气，我到底该怎么办？两天了还是缓不过来，,宝妈老鼠爱大米,https://weibo.cn/u/5729445430,2,0,0,https://weibo.cn/comment/Dt6XCFGVP?uid=5729445430&rl=1#cmtfrm,2016-04-28,23:40:53,2016-04-28
:听我一句忠告：三十岁前不要同居。,咸菜打卡,https://weibo.cn/xiancaidaka,103,0,106,https://weibo.cn/comment/Dt6Xx4269?uid=5746755558&rl=1#cmtfrm,2016-04-28,23:40:39,2016-04-28
:我想和你去海边，一起感受波浪的冲击 我想和你去登山，一起俯望世界的美丽 我想和你去探险，一起经历勇敢的美妙 … 我想和你亲吻，一起感受地转天翻 我想和你同居，一起过幸福小日子 我想和你白头到老，一起经历沧桑,蓝天空蓝海洋阳光的你,https://weibo.cn/u/5860350339,2,3,1,https://weibo.cn/comment/Dt6X1uquC?uid=5860350339&rl=1#cmtfrm,2016-04-28,23:39:23,2016-04-28
:同居第五年 除了父母还有谁能这样的亲密呢,李昂是个男名吗,https://weibo.cn/u/2571186947,19,0,3,https://weibo.cn/comment/Dt6WlxzKe?uid=2571186947&rl=1#cmtfrm,2016-04-28,23:37:44,2016-04-28
:白羊座敢爱敢恨的你会高唱：只在乎曾经拥有，不在乎天长地久。只要是你认定的感情，往往就会一头栽了进去。对于你来说，轰轰烈烈的过程，比结果来得更为重要。因为最美的风景总在路上，而同居也就是爱情路上的一道美丽风景。,蒽冰雨晴,https://weibo.cn/637747890,0,0,0,https://weibo.cn/comment/Dt6Wc5GRq?uid=2708077954&rl=1#cmtfrm,2016-04-28,23:37:21,2016-04-28
:#坐进书架的伪知性少女#2016年4月度 net shop限定個別生写真「同居」5枚set明日發售：http://t.cn/Rqjvk1r,埃姆黍-M叔,https://weibo.cn/emutaro,6,3,0,https://weibo.cn/comment/Dt6UMj9V6?uid=3801215011&rl=1#cmtfrm,2016-04-28,23:33:52,2016-04-28
:本来老太太是享受生活谁知道小伙子全天候开启震动模式，老太太受不了就走了，为了多活几年。 //【29岁小伙初恋爱上62岁大妈，同居后大妈受不了小伙离家出走】29岁小伙初恋爱上62岁大妈，同居后大妈受不了小伙离家出走 (分享自 #今日头条#),此木樱桃,https://weibo.cn/u/2022220161,0,0,0,https://weibo.cn/comment/Dt6UssyFt?uid=2022220161&rl=1#cmtfrm,2016-04-28,23:33:06,2016-04-28
:理想中的男女关系，并不是结婚，亦不是同居，而是维持一种朋友关系。 ——亦舒,泽兰0727,https://weibo.cn/u/5238757160,0,0,0,https://weibo.cn/comment/Dt6TjBcI9?uid=5238757160&rl=1#cmtfrm,2016-04-28,23:30:15,2016-04-28
:#扫文##中推# 《杀熟》by丝竹乱耳 呆萌迟钝直男攻×腹黑心心机诱受 一开始险些站错cp 幸好我机智 攻受原本是竹马竹马 后来因为一些事疏离了 受一直暗恋攻 于是趁攻和女票分手的机会和攻同居 然后想尽一切办法诱惑攻 最后攻先憋不住告白了 有肉但不厚 总体好看！,文荒猛兽,https://weibo.cn/u/5648002306,0,0,0,https://weibo.cn/comment/Dt6Noj5zp?uid=5648002306&rl=1#cmtfrm,2016-04-28,23:15:39,2016-04-28
:【安娜玛德莲娜】本来观摩阿武酱的颜 发现一个超甜的人渣攻x人妻受的同居爱情故事 顺便捕捉一只野生老张～,柔味,https://weibo.cn/caodanshunvkang,0,0,1,https://weibo.cn/comment/Dt6N7apve?uid=1676270470&rl=1#cmtfrm,2016-04-28,23:14:59,2016-04-28
:【同居越久越不想娶你的星座男】冠军（金牛座）、亚军（天蝎座）、季军（双鱼座）、第四名（白羊座）、第五名（射手座）、第六名（双子座）、第七名（天秤座）、第八名（巨蟹座）、第九名（水瓶座）、第十名（狮,景庆v8,https://weibo.cn/u/5797103662,0,0,0,https://weibo.cn/comment/Dt6KzkCqJ?uid=5797103662&rl=1#cmtfrm,2016-04-28,23:08:43,2016-04-28
":《愿此刻永恒OVA》 01，一个是曾经热恋过的女孩,一[雪花]个是现在的同居女友,“鸣海孝之”面临了一个影响3个人命运的交叉点…..他会何去何从呢？",重村购,https://weibo.cn/u/5337201069,0,0,0,https://weibo.cn/comment/Dtgr6hhg5?uid=5337201069&rl=1#cmtfrm,2016-04-29,23:48:13,2016-04-29
:60后大妈网上扮嫩骗80后男子 同居索彩礼首饰 http://t.cn/RqjBmYl,谈笑风生-回首往事,https://weibo.cn/u/1654903851,0,0,0,https://weibo.cn/comment/DtgirDWuU?uid=1654903851&rl=1#cmtfrm,2016-04-29,23:26:54,2016-04-29
:北京遇上西雅图之不二情书,木页六月,https://weibo.cn/u/5346237327,0,0,0,https://weibo.cn/comment/Dtgio8jR8?uid=5346237327&rl=1#cmtfrm,2016-04-29,23:26:44,2016-04-29
:7旬老人和按摩房干女儿同居 小三把老人活活打死 http://t.cn/RqjBi9e,帅哥天使的翅膀1372,https://weibo.cn/u/5908351205,0,0,0,https://weibo.cn/comment/DtgeqclI3?uid=5908351205&rl=1#cmtfrm,2016-04-29,23:16:59,2016-04-29
:今晚一起看了一场电影，叫《临时同居》，突然觉得很应景。今晚过后，你就要搬出去了，以后我晚上回来就连个说话的人都没有了。,宰罪告宰啦辞,https://weibo.cn/u/5883105080,0,0,0,https://weibo.cn/comment/DtgeiyWVS?uid=5883105080&rl=1#cmtfrm,2016-04-29,23:16:41,2016-04-29
:【哪些星座喜欢婚前同居？】NO.1：天秤座--非常希望恋爱是两个人结伴同行的，同居对天秤座来说反而是精神释放；NO.2：天蝎座--喜欢同居，是因为强烈的占有欲；NO.3：双鱼座--既想黏住对方，又害怕自己表现不好；NO.4：双子座--因为无聊而寂寞，喜欢新鲜，喜欢有人一起。,觉觉的幸福春天,https://weibo.cn/u/5767491603,0,0,0,https://weibo.cn/comment/DtgcFv1Mn?uid=5767491603&rl=1#cmtfrm,2016-04-29,23:12:40,2016-04-29
:同居10生活开始了!!!徐媛媛 @任君爽供货商徐圈圈,就要喜欢你l,https://weibo.cn/u/2582527367,4,0,2,https://weibo.cn/comment/Dtgcsbjh4?uid=2582527367&rl=1#cmtfrm,2016-04-29,23:12:08,2016-04-29
:网上交了一个女友，同居后行为举止越来越诡异，被算命先生告知是被死去的前妻附体...这到底是真的么？ @编剧悦言 #亥时怪谈# 深夜诡故事《阴魂不散》,花生故事,https://weibo.cn/hsvread,4,0,0,https://weibo.cn/comment/DtgbI5rQH?uid=5802875503&rl=1#cmtfrm,2016-04-29,23:10:17,2016-04-29
:《初见―独家定制》*^_^* 妾发初覆额，折花门前剧。郎骑竹马来，绕床弄青梅。同居长干里，两小无嫌猜。 桐乡·梧桐街区,刘娟LJ816,https://weibo.cn/u/5529478106,1,0,0,https://weibo.cn/comment/Dtg9WtiXf?uid=5529478106&rl=1#cmtfrm,2016-04-29,23:05:57,2016-04-29
:初恋情人是全新版；旧情复燃是翻版；婚前同居是试行版；金屋藏娇是珍藏版；新婚之夜是正版；爱上寡妇是修正版；勾引人妻是盗版。,金玉龍缘成,https://weibo.cn/u/5607825165,0,0,0,https://weibo.cn/comment/Dtg8jaBAZ?uid=5607825165&rl=1#cmtfrm,2016-04-29,23:01:54,2016-04-29
:#清洲说警事# 【60后大妈扮嫩骗80后男子同居索彩礼首饰】从网恋到同居，到谈婚论嫁，沉浸在甜蜜中的80后男子王伟自己以为的亲密爱人，原来是个骗子！调查发现，该女子不仅有老公，还有三个儿子，最小的已28岁。她承认，没有陷入传销组织，更没有打算和王伟结婚。（荆楚网）网上扮嫩一同居就要彩礼 80后帅哥被60后大妈骗惨,陈sir在线,https://weibo.cn/111201362,14,33,29,https://weibo.cn/comment/Dtg7y9i1C?uid=1862506300&rl=1#cmtfrm,2016-04-29,23:00:03,2016-04-29
:#周六见#各种出游 曾经同居的女人们在毕业十年的时候带娃私奔了 然而今早见完大卜丝之后 卜丝说明天见,小小井井,https://weibo.cn/jjmwindy,0,0,1,https://weibo.cn/comment/Dtg59cdEp?uid=1858040450&rl=1#cmtfrm,2016-04-29,22:54:08,2016-04-29
:今晚一起看了一场电影，叫《临时同居》，突然觉得很应景。今晚过后，你就要搬出去了，以后我晚上回来就连个说话的人都没有了。,危绝作危,https://weibo.cn/u/5894801854,0,0,0,https://weibo.cn/comment/Dtg3yezLN?uid=5894801854&rl=1#cmtfrm,2016-04-29,22:50:12,2016-04-29
:[两个爸爸]暗恋　　　“同居”七年一直相安无事，直到两个女人出现，唐翔希警铃骤响！唐翔希以为有了女儿的束缚，温振华就会一直乖乖的待在他的身边，与他一起建立起属于他们和温蒂的家…有前传，不会一下跳到七年后，爸爸们要养温蒂。唐翔希X温振华，太长了有点顶不住,凤鸣暮雨Q,https://weibo.cn/6LMY6,0,0,0,https://weibo.cn/comment/DtpUwvUqN?uid=5305611621&rl=1#cmtfrm,2016-04-30,23:55:26,2016-04-30
:【老虎狮子熊和睦“同居”15年成“好基友”(图)】 新浪跟帖_新浪网,替天行道hhw,https://weibo.cn/u/1175402274,0,0,0,https://weibo.cn/comment/DtpU1bgzk?uid=1175402274&rl=1#cmtfrm,2016-04-30,23:54:12,2016-04-30
:逛吃一整天，明天继续约～晚上跟同居的她一起侃大山，各种激情澎湃～原谅我这么疯～与其担忧未知的未来，不如现在尽情狂欢～好累啊～不过一切都值得～,思想荒诞怪异的苗先生,https://weibo.cn/u/2684303001,0,0,0,https://weibo.cn/comment/DtpRBEhP7?uid=2684303001&rl=1#cmtfrm,2016-04-30,23:48:14,2016-04-30
:分享自金雕捕牛《[转载]赖昌星的红楼绝密照片及风流往事》 - 原文地址：赖昌星的红楼绝密照片及风流往事作者： 董文华与赖昌星同居 赖昌星出100万要董文华陪一晚，... (来自 @头条博客) [转载]赖昌星的红楼绝密照片及风流往事,wen6596,https://weibo.cn/u/1281069283,0,0,0,https://weibo.cn/comment/DtpR6lZ0M?uid=1281069283&rl=1#cmtfrm,2016-04-30,23:47:00,2016-04-30
:#5.15沈氏夫夫同居四周年#美伦，喜欢两个人。。。放弃自由喜欢两个人。。。 沈煜伦翻唱—喜欢两个人,非人老婆子吖,https://weibo.cn/u/5832282941,5,1,0,https://weibo.cn/comment/DtpO46yXn?uid=5832282941&rl=1#cmtfrm,2016-04-30,23:39:31,2016-04-30
:[两个爸爸]暗恋　　　“同居”七年一直相安无事，直到两个女人出现，唐翔希警铃骤响！唐翔希以为有了女儿的束缚，温振华就会一直乖乖的待在他的身边，与他一起建立起属于他们和温蒂的家…有前传，不会一下跳到七年后，爸爸们要养温蒂。唐翔希X温振华，太长了有点顶不住,凤鸣暮雨Q,https://weibo.cn/6LMY6,0,0,0,https://weibo.cn/comment/DtpUwvUqN?uid=5305611621&rl=1#cmtfrm,2016-04-30,23:55:26,2016-04-30
:【老虎狮子熊和睦“同居”15年成“好基友”(图)】 新浪跟帖_新浪网,替天行道hhw,https://weibo.cn/u/1175402274,0,0,0,https://weibo.cn/comment/DtpU1bgzk?uid=1175402274&rl=1#cmtfrm,2016-04-30,23:54:12,2016-04-30
:逛吃一整天，明天继续约～晚上跟同居的她一起侃大山，各种激情澎湃～原谅我这么疯～与其担忧未知的未来，不如现在尽情狂欢～好累啊～不过一切都值得～,思想荒诞怪异的苗先生,https://weibo.cn/u/2684303001,0,0,0,https://weibo.cn/comment/DtpRBEhP7?uid=2684303001&rl=1#cmtfrm,2016-04-30,23:48:14,2016-04-30
:分享自金雕捕牛《[转载]赖昌星的红楼绝密照片及风流往事》 - 原文地址：赖昌星的红楼绝密照片及风流往事作者： 董文华与赖昌星同居 赖昌星出100万要董文华陪一晚，... (来自 @头条博客) [转载]赖昌星的红楼绝密照片及风流往事,wen6596,https://weibo.cn/u/1281069283,0,0,0,https://weibo.cn/comment/DtpR6lZ0M?uid=1281069283&rl=1#cmtfrm,2016-04-30,23:47:00,2016-04-30
:#5.15沈氏夫夫同居四周年#美伦，喜欢两个人。。。放弃自由喜欢两个人。。。 沈煜伦翻唱—喜欢两个人,非人老婆子吖,https://weibo.cn/u/5832282941,5,1,0,https://weibo.cn/comment/DtpO46yXn?uid=5832282941&rl=1#cmtfrm,2016-04-30,23:39:31,2016-04-30
